Square Feet,Beds,Baths,Garages,ImagePath
3041,3,2.5,2,images/0_1.jpg
784,1,1.0,1,charectorss0_2.jpg
2486,3,2.5,1,charectorss0_3.jpg
2220,3,2.0,1,charectorss0_4.jpg
3776,3,3.5,1,charectorss0_5.jpg
2765,3,2.5,2,charectorss0_6.jpg
2039,3,2.0,1,charectorss0_7.jpg
2400,3,3.5,1,charectorss0_8.jpg
2030,3,2.0,1,charectorss0_9.jpg
612,1,1.0,1,charectorss0_10.jpg
1800,3,2.0,1,charectorss0_11.jpg
2000,3,2.5,1,charectorss0_12.jpg
2235,4,3.0,2,charectorss0_13.jpg
1260,2,2.0,1,charectorss0_14.jpg
2016,3,2.5,1,charectorss0_15.jpg
3374,3,3.5,2,charectorss0_16.jpg
2084,3,2.5,2,charectorss0_17.jpg
924,2,1.0,1,charectorss0_18.jpg
525,1,1.0,2,charectorss0_19.jpg
2765,3,2.5,2,charectorss0_20.jpg
3399,3,3.0,2,charectorss0_21.jpg
1800,3,3.0,1,charectorss0_22.jpg
1596,3,2.0,1,charectorss0_23.jpg
1639,3,2.0,1,charectorss0_24.jpg
2693,3,2.5,2,charectorss0_25.jpg
2250,3,2.5,2,charectorss0_26.jpg
2168,3,2.5,1,charectorss0_27.jpg
2311,3,2.5,2,charectorss0_28.jpg
896,2,1.0,1,charectorss0_29.jpg
2000,4,3.0,1,charectorss0_30.jpg
1879,3,2.0,1,charectorss1_1.jpg
1642,3,2.5,1,charectorss1_2.jpg
1200,3,2.0,1,charectorss1_3.jpg
624,1,1.0,1,charectorss1_4.jpg
2234,3,2.5,1,charectorss1_5.jpg
1473,3,2.0,1,charectorss1_6.jpg
1788,3,2.0,1,charectorss1_7.jpg
2073,3,2.5,1,charectorss1_8.jpg
1374,3,2.0,2,charectorss1_9.jpg
1024,1,1.5,1,charectorss1_10.jpg
1749,3,2.0,1,charectorss1_11.jpg
2988,4,3.0,2,charectorss1_12.jpg
1914,3,2.0,1,charectorss1_13.jpg
691,2,1.0,1,charectorss1_14.jpg
1451,3,2.0,1,charectorss1_15.jpg
1428,3,2.0,1,charectorss1_16.jpg
2296,3,3.0,2,charectorss1_17.jpg
999,2,2.0,1,charectorss1_18.jpg
3797,4,3.5,2,charectorss1_19.jpg
1697,3,2.0,1,charectorss1_20.jpg
788,1,1.0,1,charectorss1_21.jpg
3742,4,4.0,2,charectorss1_22.jpg
1440,2,2.0,1,charectorss1_23.jpg
1947,4,2.5,1,charectorss1_24.jpg
680,1,1.0,2,charectorss1_25.jpg
1657,3,2.0,1,charectorss1_26.jpg
1628,3,2.0,1,charectorss1_27.jpg
2590,3,3.0,2,charectorss1_28.jpg
640,1,1.0,2,charectorss1_29.jpg
930,2,2.0,1,charectorss1_30.jpg
1230,3,2.0,1,charectorss2_1.jpg
1679,2,2.0,1,charectorss2_2.jpg
1200,2,2.0,1,charectorss2_3.jpg
768,1,1.0,1,charectorss2_4.jpg
624,1,1.0,1,charectorss2_5.jpg
384,1,1.0,1,charectorss2_6.jpg
2234,3,2.5,1,charectorss2_7.jpg
2268,3,2.0,1,charectorss2_8.jpg
1479,3,2.0,2,charectorss2_9.jpg
1727,2,2.0,2,charectorss2_10.jpg
1770,3,2.5,2,charectorss2_11.jpg
522,1,1.0,2,charectorss2_12.jpg
1277,3,2.0,1,charectorss2_13.jpg
1966,4,3.0,2,charectorss2_14.jpg
1143,2,1.0,1,charectorss2_15.jpg
900,2,1.0,1,charectorss2_16.jpg
1599,2,2.0,2,charectorss2_17.jpg
1374,3,2.0,2,charectorss2_18.jpg
640,1,1.0,1,charectorss2_19.jpg
761,2,1.0,2,charectorss2_20.jpg
1011,2,2.0,2,charectorss2_21.jpg
2662,3,3.0,2,charectorss2_22.jpg
1011,2,2.0,2,charectorss2_23.jpg
1400,2,2.0,2,charectorss2_24.jpg
896,1,1.5,1,charectorss2_25.jpg
600,1,1.0,1,charectorss2_26.jpg
935,2,1.0,1,charectorss2_27.jpg
1162,2,2.0,1,charectorss2_28.jpg
598,1,1.0,1,charectorss2_29.jpg
480,2,1.0,1,charectorss2_30.jpg
3345,3,3.5,2,charectorss3_1.jpg
3458,4,4.5,3,charectorss3_2.jpg
3776,3,3.5,1,charectorss3_3.jpg
1679,2,2.0,1,charectorss3_4.jpg
3595,3,4.5,3,charectorss3_5.jpg
2235,3,2.5,1,charectorss3_6.jpg
1200,2,2.0,1,charectorss3_7.jpg
1509,3,2.0,2,charectorss3_8.jpg
926,2,2.0,1,charectorss3_9.jpg
1576,3,2.0,2,charectorss3_10.jpg
3374,3,3.5,2,charectorss3_11.jpg
2287,3,3.0,2,charectorss3_12.jpg
1105,2,2.0,1,charectorss3_13.jpg
2827,3,3.0,2,charectorss3_14.jpg
3164,4,2.5,2,charectorss3_15.jpg
3638,3,3.5,1,charectorss3_16.jpg
3105,4,3.0,2,charectorss3_17.jpg
1212,2,1.0,1,charectorss3_18.jpg
3224,6,4.5,2,charectorss3_19.jpg
2358,3,2.5,1,charectorss3_20.jpg
1913,3,2.0,1,charectorss3_21.jpg
1731,3,2.0,1,charectorss3_22.jpg
1131,3,2.0,1,charectorss3_23.jpg
1639,3,2.0,1,charectorss3_24.jpg
3083,3,3.5,1,charectorss3_25.jpg
2250,3,2.5,2,charectorss3_26.jpg
985,2,2.0,2,charectorss3_27.jpg
2268,3,2.0,1,charectorss3_28.jpg
1552,3,2.0,1,charectorss3_29.jpg
1373,3,2.0,1,charectorss3_30.jpg
1616,2,2.0,2,charectorss4_1.jpg
1742,3,2.5,1,charectorss4_2.jpg
2743,4,4.5,2,charectorss4_3.jpg
2510,3,2.5,1,charectorss4_4.jpg
1285,2,2.0,1,charectorss4_5.jpg
1486,3,2.0,1,charectorss4_6.jpg
928,2,2.0,1,charectorss4_7.jpg
988,2,2.0,1,charectorss4_8.jpg
1254,2,2.0,1,charectorss4_9.jpg
926,2,2.0,1,charectorss4_10.jpg
2016,3,2.5,1,charectorss4_11.jpg
800,2,1.0,1,charectorss4_12.jpg
1500,3,2.0,1,charectorss4_13.jpg
1300,3,2.0,1,charectorss4_14.jpg
1425,3,2.0,1,charectorss4_15.jpg
1764,4,2.0,1,charectorss4_16.jpg
1212,2,1.0,1,charectorss4_17.jpg
618,1,1.0,2,charectorss4_18.jpg
4658,6,4.5,2,charectorss4_19.jpg
2526,3,2.5,2,charectorss4_20.jpg
1200,3,2.0,1,charectorss4_21.jpg
1732,4,2.5,1,charectorss4_22.jpg
856,2,1.0,1,charectorss4_23.jpg
624,1,1.0,1,charectorss4_24.jpg
1257,2,2.0,1,charectorss4_25.jpg
736,2,1.0,1,charectorss4_26.jpg
872,1,1.5,1,charectorss4_27.jpg
1450,3,2.0,1,charectorss4_28.jpg
1302,3,2.0,2,charectorss4_29.jpg
1738,3,2.5,2,charectorss4_30.jpg
1908,3,2.5,2,charectorss5_1.jpg
784,1,1.0,1,charectorss5_2.jpg
2085,3,2.5,1,charectorss5_3.jpg
1742,3,2.5,1,charectorss5_4.jpg
2486,3,2.5,1,charectorss5_5.jpg
2743,4,4.5,2,charectorss5_6.jpg
2220,3,2.0,1,charectorss5_7.jpg
1769,3,2.0,1,charectorss5_8.jpg
3776,3,3.5,1,charectorss5_9.jpg
2358,3,2.5,1,charectorss5_10.jpg
2765,3,2.5,2,charectorss5_11.jpg
2400,3,3.5,1,charectorss5_12.jpg
1679,2,2.0,1,charectorss5_13.jpg
612,1,1.0,1,charectorss5_14.jpg
2400,4,3.5,1,charectorss5_15.jpg
1924,3,2.5,1,charectorss5_16.jpg
2326,4,2.5,1,charectorss5_17.jpg
3127,4,3.5,1,charectorss5_18.jpg
1843,4,2.0,1,charectorss5_19.jpg
988,2,2.0,1,charectorss5_20.jpg
1800,3,2.0,1,charectorss5_21.jpg
2390,4,3.0,1,charectorss5_22.jpg
1254,2,2.0,1,charectorss5_23.jpg
1448,2,2.0,1,charectorss5_24.jpg
2428,3,2.5,1,charectorss5_25.jpg
981,2,2.0,1,charectorss5_26.jpg
2000,3,2.5,1,charectorss5_27.jpg
2235,4,3.0,2,charectorss5_28.jpg
1260,2,2.0,1,charectorss5_29.jpg
1611,3,2.0,1,charectorss5_30.jpg
3458,4,4.5,3,charectorss6_1.jpg
960,2,1.0,1,charectorss6_2.jpg
1769,3,2.0,1,charectorss6_3.jpg
2358,3,2.5,1,charectorss6_4.jpg
2765,3,2.5,2,charectorss6_5.jpg
2039,3,2.0,1,charectorss6_6.jpg
2030,3,2.0,1,charectorss6_7.jpg
2303,3,2.5,1,charectorss6_8.jpg
2400,4,3.5,1,charectorss6_9.jpg
1817,3,2.0,1,charectorss6_10.jpg
1843,4,2.0,1,charectorss6_11.jpg
1421,3,2.0,1,charectorss6_12.jpg
1879,3,2.0,1,charectorss6_13.jpg
928,2,2.0,1,charectorss6_14.jpg
988,2,2.0,1,charectorss6_15.jpg
988,2,2.0,1,charectorss6_16.jpg
1254,2,2.0,1,charectorss6_17.jpg
2428,3,2.5,1,charectorss6_18.jpg
1698,3,2.5,1,charectorss6_19.jpg
981,2,2.0,1,charectorss6_20.jpg
2016,3,2.5,1,charectorss6_21.jpg
1232,2,2.0,1,charectorss6_22.jpg
1956,3,2.5,1,charectorss6_23.jpg
2030,3,2.0,1,charectorss6_24.jpg
2230,3,2.5,1,charectorss6_25.jpg
1897,4,2.0,1,charectorss6_26.jpg
1232,2,2.0,1,charectorss6_27.jpg
1258,3,2.0,1,charectorss6_28.jpg
2765,3,2.5,2,charectorss6_29.jpg
1425,3,2.0,1,charectorss6_30.jpg
2578,4,3.5,1,charectorss7_1.jpg
784,1,1.0,1,charectorss7_2.jpg
2085,3,2.5,1,charectorss7_3.jpg
1742,3,2.5,1,charectorss7_4.jpg
2486,3,2.5,1,charectorss7_5.jpg
2743,4,4.5,2,charectorss7_6.jpg
2588,3,2.5,1,charectorss7_7.jpg
2220,3,2.0,1,charectorss7_8.jpg
2510,3,2.5,1,charectorss7_9.jpg
960,2,1.0,1,charectorss7_10.jpg
2358,3,2.5,1,charectorss7_11.jpg
2352,4,3.0,1,charectorss7_12.jpg
2765,3,2.5,2,charectorss7_13.jpg
2039,3,2.0,1,charectorss7_14.jpg
2400,3,3.5,1,charectorss7_15.jpg
2030,3,2.0,1,charectorss7_16.jpg
2303,3,2.5,1,charectorss7_17.jpg
612,1,1.0,1,charectorss7_18.jpg
2400,4,3.5,1,charectorss7_19.jpg
1817,3,2.0,1,charectorss7_20.jpg
1924,3,2.5,1,charectorss7_21.jpg
2326,4,2.5,1,charectorss7_22.jpg
3127,4,3.5,1,charectorss7_23.jpg
1843,4,2.0,1,charectorss7_24.jpg
1486,3,2.0,1,charectorss7_25.jpg
928,2,2.0,1,charectorss7_26.jpg
988,2,2.0,1,charectorss7_27.jpg
988,2,2.0,1,charectorss7_28.jpg
1800,3,2.0,1,charectorss7_29.jpg
2373,4,2.5,1,charectorss7_30.jpg
4356,4,4.5,2,charectorss8_1.jpg
3458,4,4.5,3,charectorss8_2.jpg
1679,2,2.0,1,charectorss8_3.jpg
3595,3,4.5,3,charectorss8_4.jpg
2373,4,2.5,1,charectorss8_5.jpg
2235,3,2.5,1,charectorss8_6.jpg
1200,2,2.0,1,charectorss8_7.jpg
1509,3,2.0,2,charectorss8_8.jpg
926,2,2.0,1,charectorss8_9.jpg
1576,3,2.0,2,charectorss8_10.jpg
3374,3,3.5,2,charectorss8_11.jpg
800,2,1.0,1,charectorss8_12.jpg
2287,3,3.0,2,charectorss8_13.jpg
1105,2,2.0,1,charectorss8_14.jpg
1642,3,2.5,1,charectorss8_15.jpg
3638,3,3.5,1,charectorss8_16.jpg
1979,3,2.5,1,charectorss8_17.jpg
3105,4,3.0,2,charectorss8_18.jpg
618,1,1.0,2,charectorss8_19.jpg
1600,3,2.0,1,charectorss8_20.jpg
3224,6,4.5,2,charectorss8_21.jpg
1872,3,2.0,1,charectorss8_22.jpg
1913,3,2.0,1,charectorss8_23.jpg
1731,3,2.0,1,charectorss8_24.jpg
1131,3,2.0,1,charectorss8_25.jpg
860,2,2.0,1,charectorss8_26.jpg
3083,3,3.5,1,charectorss8_27.jpg
1953,2,2.5,2,charectorss8_28.jpg
985,2,2.0,2,charectorss8_29.jpg
2557,3,2.5,1,charectorss8_30.jpg
2578,4,3.5,1,charectorss9_1.jpg
784,1,1.0,1,charectorss9_2.jpg
2085,3,2.5,1,charectorss9_3.jpg
1742,3,2.5,1,charectorss9_4.jpg
2486,3,2.5,1,charectorss9_5.jpg
2743,4,4.5,2,charectorss9_6.jpg
2588,3,2.5,1,charectorss9_7.jpg
2220,3,2.0,1,charectorss9_8.jpg
2510,3,2.5,1,charectorss9_9.jpg
960,2,1.0,1,charectorss9_10.jpg
2358,3,2.5,1,charectorss9_11.jpg
2352,4,3.0,1,charectorss9_12.jpg
2765,3,2.5,2,charectorss9_13.jpg
2039,3,2.0,1,charectorss9_14.jpg
2400,3,3.5,1,charectorss9_15.jpg
2030,3,2.0,1,charectorss9_16.jpg
2303,3,2.5,1,charectorss9_17.jpg
612,1,1.0,1,charectorss9_18.jpg
2400,4,3.5,1,charectorss9_19.jpg
1817,3,2.0,1,charectorss9_20.jpg
1924,3,2.5,1,charectorss9_21.jpg
2326,4,2.5,1,charectorss9_22.jpg
3127,4,3.5,1,charectorss9_23.jpg
1843,4,2.0,1,charectorss9_24.jpg
1486,3,2.0,1,charectorss9_25.jpg
928,2,2.0,1,charectorss9_26.jpg
988,2,2.0,1,charectorss9_27.jpg
988,2,2.0,1,charectorss9_28.jpg
1800,3,2.0,1,charectorss9_29.jpg
2373,4,2.5,1,charectorss9_30.jpg
1652,3,2.0,1,charectorss10_1.jpg
2486,3,2.5,1,charectorss10_2.jpg
2220,3,2.0,1,charectorss10_3.jpg
3776,3,3.5,1,charectorss10_4.jpg
2400,3,3.5,1,charectorss10_5.jpg
2030,3,2.0,1,charectorss10_6.jpg
2303,3,2.5,1,charectorss10_7.jpg
1843,4,2.0,1,charectorss10_8.jpg
1879,3,2.0,1,charectorss10_9.jpg
928,2,2.0,1,charectorss10_10.jpg
988,2,2.0,1,charectorss10_11.jpg
1800,3,2.0,1,charectorss10_12.jpg
2373,4,2.5,1,charectorss10_13.jpg
1698,3,2.5,1,charectorss10_14.jpg
1260,2,2.0,1,charectorss10_15.jpg
1611,3,2.0,1,charectorss10_16.jpg
2235,3,2.5,1,charectorss10_17.jpg
926,2,2.0,1,charectorss10_18.jpg
1650,3,2.5,1,charectorss10_19.jpg
2686,4,2.5,1,charectorss10_20.jpg
2454,3,2.5,1,charectorss10_21.jpg
1232,2,2.0,1,charectorss10_22.jpg
768,1,1.0,1,charectorss10_23.jpg
924,2,1.0,1,charectorss10_24.jpg
1064,2,2.0,1,charectorss10_25.jpg
2030,3,2.0,1,charectorss10_26.jpg
1232,2,2.0,1,charectorss10_27.jpg
1416,3,2.0,1,charectorss10_28.jpg
1258,3,2.0,1,charectorss10_29.jpg
1880,4,2.5,1,charectorss10_30.jpg
640,1,1.0,1,charectorss13_1.jpg
768,1,1.0,1,charectorss13_2.jpg
1003,1,1.0,2,charectorss13_3.jpg
624,1,1.0,1,charectorss13_4.jpg
872,1,1.5,1,charectorss13_5.jpg
732,1,1.0,1,charectorss13_6.jpg
967,1,2.0,2,charectorss13_7.jpg
741,1,1.0,2,charectorss13_8.jpg
300,1,1.0,1,charectorss13_9.jpg
1024,1,1.5,1,charectorss13_10.jpg
640,1,1.0,1,charectorss13_11.jpg
782,2,1.0,1,charectorss13_12.jpg
287,1,1.0,1,charectorss13_13.jpg
896,1,1.5,1,charectorss13_14.jpg
600,1,1.0,1,charectorss13_15.jpg
576,1,1.0,1,charectorss13_16.jpg
312,1,1.0,1,charectorss13_17.jpg
598,1,1.0,1,charectorss13_18.jpg
632,1,1.5,2,charectorss13_19.jpg
582,1,1.0,2,charectorss13_20.jpg
480,1,1.0,1,charectorss13_21.jpg
572,1,1.0,2,charectorss13_22.jpg
480,1,1.0,1,charectorss13_23.jpg
799,1,1.5,1,charectorss13_24.jpg
788,1,1.0,1,charectorss13_25.jpg
504,1,1.0,1,charectorss13_26.jpg
747,1,1.0,1,charectorss13_27.jpg
815,1,1.0,1,charectorss13_28.jpg
370,1,1.0,1,charectorss13_29.jpg
704,1,1.0,1,charectorss13_30.jpg
1480,2,2.0,1,charectorss14_1.jpg
960,2,1.0,1,charectorss14_2.jpg
1285,2,2.0,1,charectorss14_3.jpg
928,2,2.0,1,charectorss14_4.jpg
988,2,2.0,1,charectorss14_5.jpg
988,2,2.0,1,charectorss14_6.jpg
1254,2,2.0,1,charectorss14_7.jpg
981,2,2.0,1,charectorss14_8.jpg
1260,2,2.0,1,charectorss14_9.jpg
926,2,2.0,1,charectorss14_10.jpg
1232,2,2.0,1,charectorss14_11.jpg
924,2,1.0,1,charectorss14_12.jpg
1064,2,2.0,1,charectorss14_13.jpg
800,2,1.0,1,charectorss14_14.jpg
1105,2,2.0,1,charectorss14_15.jpg
1232,2,2.0,1,charectorss14_16.jpg
1200,2,2.0,1,charectorss14_17.jpg
985,2,2.0,2,charectorss14_18.jpg
1292,2,2.0,1,charectorss14_19.jpg
1387,2,2.0,1,charectorss14_20.jpg
1727,2,2.0,2,charectorss14_21.jpg
1120,2,2.0,1,charectorss14_22.jpg
896,2,1.0,1,charectorss14_23.jpg
996,2,2.0,1,charectorss14_24.jpg
1603,2,2.0,1,charectorss14_25.jpg
1185,2,2.0,1,charectorss14_26.jpg
1297,2,2.0,1,charectorss14_27.jpg
921,2,1.0,1,charectorss14_28.jpg
1011,2,2.0,2,charectorss14_29.jpg
1616,2,2.0,2,charectorss14_30.jpg
2241,3,2.5,1,charectorss15_1.jpg
2085,3,2.5,1,charectorss15_2.jpg
1742,3,2.5,1,charectorss15_3.jpg
2486,3,2.5,1,charectorss15_4.jpg
2588,3,2.5,1,charectorss15_5.jpg
2220,3,2.0,1,charectorss15_6.jpg
3776,3,3.5,1,charectorss15_7.jpg
2358,3,2.5,1,charectorss15_8.jpg
2765,3,2.5,2,charectorss15_9.jpg
2039,3,2.0,1,charectorss15_10.jpg
2400,3,3.5,1,charectorss15_11.jpg
2030,3,2.0,1,charectorss15_12.jpg
2303,3,2.5,1,charectorss15_13.jpg
1817,3,2.0,1,charectorss15_14.jpg
1924,3,2.5,1,charectorss15_15.jpg
1486,3,2.0,1,charectorss15_16.jpg
1800,3,2.0,1,charectorss15_17.jpg
2428,3,2.5,1,charectorss15_18.jpg
1698,3,2.5,1,charectorss15_19.jpg
1611,3,2.0,1,charectorss15_20.jpg
2235,3,2.5,1,charectorss15_21.jpg
1509,3,2.0,2,charectorss15_22.jpg
1650,3,2.5,1,charectorss15_23.jpg
1599,3,2.5,1,charectorss15_24.jpg
1493,3,2.0,1,charectorss15_25.jpg
2016,3,2.5,1,charectorss15_26.jpg
1576,3,2.0,2,charectorss15_27.jpg
2496,6,4.0,1,charectorss15_28.jpg
2290,3,2.5,1,charectorss15_29.jpg
1398,3,2.0,1,charectorss15_30.jpg
3340,4,4.5,1,charectorss16_1.jpg
2743,4,4.5,2,charectorss16_2.jpg
3458,4,4.5,3,charectorss16_3.jpg
3776,3,3.5,1,charectorss16_4.jpg
2352,4,3.0,1,charectorss16_5.jpg
3595,3,4.5,3,charectorss16_6.jpg
2400,4,3.5,1,charectorss16_7.jpg
2326,4,2.5,1,charectorss16_8.jpg
3127,4,3.5,1,charectorss16_9.jpg
2373,4,2.5,1,charectorss16_10.jpg
2390,4,3.0,1,charectorss16_11.jpg
3952,4,4.0,2,charectorss16_12.jpg
2686,4,2.5,1,charectorss16_13.jpg
3086,4,3.5,1,charectorss16_14.jpg
1897,4,2.0,1,charectorss16_15.jpg
3164,4,2.5,2,charectorss16_16.jpg
1880,4,2.5,1,charectorss16_17.jpg
2799,4,3.0,2,charectorss16_18.jpg
3507,4,3.0,1,charectorss16_19.jpg
2578,4,3.0,1,charectorss16_20.jpg
1992,4,2.0,1,charectorss16_21.jpg
1732,4,2.5,1,charectorss16_22.jpg
3599,4,4.5,1,charectorss16_23.jpg
1345,4,2.0,2,charectorss16_24.jpg
2063,4,2.5,1,charectorss16_25.jpg
2232,4,2.5,1,charectorss16_26.jpg
3076,4,3.5,1,charectorss16_27.jpg
3048,4,4.0,1,charectorss16_28.jpg
3366,4,3.5,1,charectorss16_29.jpg
2716,4,3.0,1,charectorss16_30.jpg
2496,6,4.0,1,charectorss17_1.jpg
1005,2,1.5,2,charectorss17_2.jpg
900,3,2.5,2,charectorss17_3.jpg
4665,5,4.5,1,charectorss17_4.jpg
2554,3,2.5,2,charectorss17_5.jpg
2196,4,4.0,1,charectorss17_6.jpg
1421,3,2.5,2,charectorss17_7.jpg
1994,4,4.0,1,charectorss17_8.jpg
2713,4,3.0,2,charectorss17_9.jpg
1200,3,1.5,2,charectorss17_10.jpg
2852,3,2.0,2,charectorss17_11.jpg
3056,3,2.5,2,charectorss17_12.jpg
1934,2,2.0,1,charectorss17_13.jpg
2800,3,2.0,2,charectorss17_14.jpg
2762,4,4.0,1,charectorss17_15.jpg
2432,2,2.0,1,charectorss17_16.jpg
3070,6,5.0,2,charectorss17_17.jpg
3286,3,2.5,2,charectorss17_18.jpg
3286,3,2.5,2,charectorss17_19.jpg
1106,3,1.5,2,charectorss17_20.jpg
1703,3,2.5,2,charectorss17_21.jpg
3866,3,2.0,2,charectorss17_22.jpg
3067,3,2.5,2,charectorss17_23.jpg
1741,3,2.0,1,charectorss17_24.jpg
2724,3,2.5,2,charectorss17_25.jpg
1768,2,1.0,1,charectorss17_26.jpg
1710,2,1.0,1,charectorss17_27.jpg
2384,3,3.5,2,charectorss17_28.jpg
1346,3,2.5,2,charectorss17_29.jpg
3038,6,4.5,2,charectorss17_30.jpg
1219,0,1.0,2,charectorss18_1.jpg
784,1,1.0,1,charectorss18_2.jpg
612,1,1.0,1,charectorss18_3.jpg
1509,3,2.0,2,charectorss18_4.jpg
967,1,2.0,2,charectorss18_5.jpg
920,2,2.0,2,charectorss18_6.jpg
522,1,1.0,2,charectorss18_7.jpg
2915,2,2.0,2,charectorss18_8.jpg
880,1,2.0,2,charectorss18_9.jpg
632,1,1.5,2,charectorss18_10.jpg
421,1,1.0,1,charectorss18_11.jpg
1012,2,1.0,2,charectorss18_12.jpg
1032,2,1.5,2,charectorss18_13.jpg
640,1,1.0,2,charectorss18_14.jpg
460,1,1.0,1,charectorss18_15.jpg
624,1,1.0,2,charectorss18_16.jpg
672,1,1.0,2,charectorss18_17.jpg
1842,2,2.0,1,charectorss18_18.jpg
881,1,2.0,2,charectorss18_19.jpg
924,0,2.0,2,charectorss18_20.jpg
672,1,1.5,2,charectorss18_21.jpg
820,2,1.0,2,charectorss18_22.jpg
877,2,2.0,2,charectorss18_23.jpg
490,1,1.0,2,charectorss18_24.jpg
1552,0,0.0,2,charectorss18_25.jpg
909,1,1.5,2,charectorss18_26.jpg
10240,3,3.0,2,charectorss18_27.jpg
2236,1,1.0,2,charectorss18_28.jpg
1275,1,1.0,1,charectorss18_29.jpg
683,1,1.0,2,charectorss18_30.jpg
6901,5,6.0,2,charectorss19_1.jpg
5051,4,4.5,2,charectorss19_2.jpg
6182,5,5.5,2,charectorss19_3.jpg
4923,4,3.5,2,charectorss19_4.jpg
8364,6,6.0,3,charectorss19_5.jpg
6136,5,5.5,2,charectorss19_6.jpg
7395,6,7.5,2,charectorss19_7.jpg
8210,6,7.5,2,charectorss19_8.jpg
6330,7,5.5,2,charectorss19_9.jpg
11000,5,5.0,3,charectorss19_10.jpg
11672,6,7.5,3,charectorss19_11.jpg
9360,6,6.5,2,charectorss19_12.jpg
6860,4,5.0,2,charectorss19_13.jpg
8001,5,5.5,2,charectorss19_14.jpg
6679,6,5.5,2,charectorss19_15.jpg
5109,7,8.5,3,charectorss19_16.jpg
5293,5,4.5,2,charectorss19_17.jpg
4754,4,3.5,2,charectorss19_18.jpg
5884,5,5.5,1,charectorss19_19.jpg
6079,5,6.0,2,charectorss19_20.jpg
6792,5,6.5,3,charectorss19_21.jpg
6001,5,6.5,2,charectorss19_22.jpg
6554,4,4.5,1,charectorss19_23.jpg
5739,5,5.5,1,charectorss19_24.jpg
7466,5,5.5,2,charectorss19_25.jpg
5185,5,5.5,2,charectorss19_26.jpg
4750,4,4.5,2,charectorss19_27.jpg
5564,4,5.5,2,charectorss19_28.jpg
5108,12,12.5,2,charectorss19_29.jpg
5077,5,4.0,2,charectorss19_30.jpg
1498,3,2.0,1,charectorss20_1.jpg
1742,3,2.5,1,charectorss20_2.jpg
960,2,1.0,1,charectorss20_3.jpg
1769,3,2.0,1,charectorss20_4.jpg
1285,2,2.0,1,charectorss20_5.jpg
612,1,1.0,1,charectorss20_6.jpg
1817,3,2.0,1,charectorss20_7.jpg
1924,3,2.5,1,charectorss20_8.jpg
1421,3,2.0,1,charectorss20_9.jpg
1879,3,2.0,1,charectorss20_10.jpg
1486,3,2.0,1,charectorss20_11.jpg
928,2,2.0,1,charectorss20_12.jpg
988,2,2.0,1,charectorss20_13.jpg
988,2,2.0,1,charectorss20_14.jpg
1254,2,2.0,1,charectorss20_15.jpg
1448,2,2.0,1,charectorss20_16.jpg
981,2,2.0,1,charectorss20_17.jpg
1260,2,2.0,1,charectorss20_18.jpg
1611,3,2.0,1,charectorss20_19.jpg
926,2,2.0,1,charectorss20_20.jpg
1650,3,2.5,1,charectorss20_21.jpg
1599,3,2.5,1,charectorss20_22.jpg
1493,3,2.0,1,charectorss20_23.jpg
1576,3,2.0,2,charectorss20_24.jpg
1398,3,2.0,1,charectorss20_25.jpg
1232,2,2.0,1,charectorss20_26.jpg
768,1,1.0,1,charectorss20_27.jpg
924,2,1.0,1,charectorss20_28.jpg
1064,2,2.0,1,charectorss20_29.jpg
800,2,1.0,1,charectorss20_30.jpg
2405,3,2.5,1,charectorss21_1.jpg
2085,3,2.5,1,charectorss21_2.jpg
2220,3,2.0,1,charectorss21_3.jpg
960,2,1.0,1,charectorss21_4.jpg
3776,3,3.5,1,charectorss21_5.jpg
2352,4,3.0,1,charectorss21_6.jpg
2030,3,2.0,1,charectorss21_7.jpg
2400,4,3.5,1,charectorss21_8.jpg
1817,3,2.0,1,charectorss21_9.jpg
2326,4,2.5,1,charectorss21_10.jpg
1421,3,2.0,1,charectorss21_11.jpg
1879,3,2.0,1,charectorss21_12.jpg
928,2,2.0,1,charectorss21_13.jpg
988,2,2.0,1,charectorss21_14.jpg
1254,2,2.0,1,charectorss21_15.jpg
2428,3,2.5,1,charectorss21_16.jpg
981,2,2.0,1,charectorss21_17.jpg
1260,2,2.0,1,charectorss21_18.jpg
1611,3,2.0,1,charectorss21_19.jpg
926,2,2.0,1,charectorss21_20.jpg
1650,3,2.5,1,charectorss21_21.jpg
1599,3,2.5,1,charectorss21_22.jpg
2496,6,4.0,1,charectorss21_23.jpg
1232,2,2.0,1,charectorss21_24.jpg
924,2,1.0,1,charectorss21_25.jpg
1064,2,2.0,1,charectorss21_26.jpg
1459,3,2.0,1,charectorss21_27.jpg
1956,3,2.5,1,charectorss21_28.jpg
2230,3,2.5,1,charectorss21_29.jpg
1232,2,2.0,1,charectorss21_30.jpg
1105,2,2.0,1,charectorss22_1.jpg
3952,4,4.0,2,charectorss22_2.jpg
3374,3,3.5,2,charectorss22_3.jpg
2827,3,3.0,2,charectorss22_4.jpg
2765,3,2.5,2,charectorss22_5.jpg
3164,4,2.5,2,charectorss22_6.jpg
2526,3,2.5,2,charectorss22_7.jpg
1773,4,3.5,2,charectorss22_8.jpg
2250,3,2.5,2,charectorss22_9.jpg
1953,2,2.5,2,charectorss22_10.jpg
2311,3,2.5,2,charectorss22_11.jpg
2456,3,2.5,2,charectorss22_12.jpg
3088,4,3.5,2,charectorss22_13.jpg
3135,4,3.5,2,charectorss22_14.jpg
3976,4,4.5,2,charectorss22_15.jpg
2793,3,2.5,2,charectorss22_16.jpg
2577,4,2.5,2,charectorss22_17.jpg
1827,3,2.5,2,charectorss22_18.jpg
900,3,2.5,2,charectorss22_19.jpg
1619,3,2.5,2,charectorss22_20.jpg
2782,4,3.0,2,charectorss22_21.jpg
2925,4,3.5,2,charectorss22_22.jpg
3828,4,2.5,2,charectorss22_23.jpg
3882,5,2.5,2,charectorss22_24.jpg
3031,4,5.0,2,charectorss22_25.jpg
1878,4,2.0,2,charectorss22_26.jpg
6860,4,5.0,2,charectorss22_27.jpg
3584,4,2.5,2,charectorss22_28.jpg
4903,4,5.0,2,charectorss22_29.jpg
2655,4,3.5,2,charectorss22_30.jpg
430,1,1.0,1,charectorss23_1.jpg
960,2,1.0,1,charectorss23_2.jpg
928,2,2.0,1,charectorss23_3.jpg
988,2,2.0,1,charectorss23_4.jpg
988,2,2.0,1,charectorss23_5.jpg
981,2,2.0,1,charectorss23_6.jpg
926,2,2.0,1,charectorss23_7.jpg
924,2,1.0,1,charectorss23_8.jpg
525,1,1.0,2,charectorss23_9.jpg
1035,3,2.0,1,charectorss23_10.jpg
1258,3,2.0,1,charectorss23_11.jpg
995,2,2.0,1,charectorss23_12.jpg
856,2,1.0,1,charectorss23_13.jpg
624,1,1.0,1,charectorss23_14.jpg
736,2,1.0,1,charectorss23_15.jpg
872,1,1.5,1,charectorss23_16.jpg
896,2,1.0,1,charectorss23_17.jpg
732,1,1.0,1,charectorss23_18.jpg
395,1,1.0,1,charectorss23_19.jpg
967,1,2.0,2,charectorss23_20.jpg
522,1,1.0,2,charectorss23_21.jpg
900,3,2.5,2,charectorss23_22.jpg
793,2,1.0,1,charectorss23_23.jpg
300,1,1.0,1,charectorss23_24.jpg
650,1,1.0,2,charectorss23_25.jpg
896,2,1.0,1,charectorss23_26.jpg
834,1,1.5,2,charectorss23_27.jpg
640,1,1.0,1,charectorss23_28.jpg
782,2,1.0,1,charectorss23_29.jpg
375,1,1.0,1,charectorss23_30.jpg
1616,2,2.0,2,charectorss26_1.jpg
2220,3,2.0,1,charectorss26_2.jpg
960,2,1.0,1,charectorss26_3.jpg
1285,2,2.0,1,charectorss26_4.jpg
2030,3,2.0,1,charectorss26_5.jpg
1817,3,2.0,1,charectorss26_6.jpg
1924,3,2.5,1,charectorss26_7.jpg
928,2,2.0,1,charectorss26_8.jpg
988,2,2.0,1,charectorss26_9.jpg
988,2,2.0,1,charectorss26_10.jpg
1254,2,2.0,1,charectorss26_11.jpg
1448,2,2.0,1,charectorss26_12.jpg
981,2,2.0,1,charectorss26_13.jpg
1260,2,2.0,1,charectorss26_14.jpg
1611,3,2.0,1,charectorss26_15.jpg
1650,3,2.5,1,charectorss26_16.jpg
1599,3,2.5,1,charectorss26_17.jpg
1493,3,2.0,1,charectorss26_18.jpg
1232,2,2.0,1,charectorss26_19.jpg
768,1,1.0,1,charectorss26_20.jpg
1459,3,2.0,1,charectorss26_21.jpg
1956,3,2.5,1,charectorss26_22.jpg
1232,2,2.0,1,charectorss26_23.jpg
1416,3,2.0,1,charectorss26_24.jpg
1642,3,2.5,1,charectorss26_25.jpg
1035,3,2.0,1,charectorss26_26.jpg
1500,3,2.0,1,charectorss26_27.jpg
1979,3,2.5,1,charectorss26_28.jpg
1416,3,2.0,1,charectorss26_29.jpg
1425,3,2.0,1,charectorss26_30.jpg
2455,3,2.0,1,charectorss27_1.jpg
2085,3,2.5,1,charectorss27_2.jpg
1742,3,2.5,1,charectorss27_3.jpg
2486,3,2.5,1,charectorss27_4.jpg
2743,4,4.5,2,charectorss27_5.jpg
2588,3,2.5,1,charectorss27_6.jpg
5051,4,4.5,2,charectorss27_7.jpg
2220,3,2.0,1,charectorss27_8.jpg
1769,3,2.0,1,charectorss27_9.jpg
1285,2,2.0,1,charectorss27_10.jpg
2358,3,2.5,1,charectorss27_11.jpg
2765,3,2.5,2,charectorss27_12.jpg
2039,3,2.0,1,charectorss27_13.jpg
2400,3,3.5,1,charectorss27_14.jpg
2030,3,2.0,1,charectorss27_15.jpg
2303,3,2.5,1,charectorss27_16.jpg
2400,4,3.5,1,charectorss27_17.jpg
1817,3,2.0,1,charectorss27_18.jpg
1924,3,2.5,1,charectorss27_19.jpg
2326,4,2.5,1,charectorss27_20.jpg
1421,3,2.0,1,charectorss27_21.jpg
1879,3,2.0,1,charectorss27_22.jpg
1486,3,2.0,1,charectorss27_23.jpg
928,2,2.0,1,charectorss27_24.jpg
988,2,2.0,1,charectorss27_25.jpg
2373,4,2.5,1,charectorss27_26.jpg
2390,4,3.0,1,charectorss27_27.jpg
1254,2,2.0,1,charectorss27_28.jpg
1448,2,2.0,1,charectorss27_29.jpg
2428,3,2.5,1,charectorss27_30.jpg
2282,3,2.5,1,charectorss28_1.jpg
1769,3,2.0,1,charectorss28_2.jpg
3776,3,3.5,1,charectorss28_3.jpg
2039,3,2.0,1,charectorss28_4.jpg
2303,3,2.5,1,charectorss28_5.jpg
2400,4,3.5,1,charectorss28_6.jpg
1421,3,2.0,1,charectorss28_7.jpg
1879,3,2.0,1,charectorss28_8.jpg
928,2,2.0,1,charectorss28_9.jpg
2373,4,2.5,1,charectorss28_10.jpg
2686,4,2.5,1,charectorss28_11.jpg
3374,3,3.5,2,charectorss28_12.jpg
800,2,1.0,1,charectorss28_13.jpg
1300,3,2.0,1,charectorss28_14.jpg
2555,5,4.0,2,charectorss28_15.jpg
2168,3,2.5,1,charectorss28_16.jpg
1953,2,2.5,2,charectorss28_17.jpg
2557,3,2.5,1,charectorss28_18.jpg
2268,3,2.0,1,charectorss28_19.jpg
2091,3,2.5,1,charectorss28_20.jpg
1479,3,2.0,2,charectorss28_21.jpg
2589,4,2.5,1,charectorss28_22.jpg
2482,4,3.5,1,charectorss28_23.jpg
2720,3,2.5,2,charectorss28_24.jpg
4923,4,3.5,2,charectorss28_25.jpg
300,1,1.0,1,charectorss28_26.jpg
2481,4,3.0,2,charectorss28_27.jpg
2742,4,3.5,1,charectorss28_28.jpg
1374,3,2.0,2,charectorss28_29.jpg
3882,5,2.5,2,charectorss28_30.jpg
2483,4,3.0,2,charectorss30_1.jpg
800,2,1.0,1,charectorss30_2.jpg
1600,3,2.0,1,charectorss30_3.jpg
1872,3,2.0,1,charectorss30_4.jpg
860,2,2.0,1,charectorss30_5.jpg
2268,3,2.0,1,charectorss30_6.jpg
3334,4,3.5,2,charectorss30_7.jpg
891,2,2.0,1,charectorss30_8.jpg
287,1,1.0,1,charectorss30_9.jpg
399,1,1.0,1,charectorss30_10.jpg
1616,2,2.0,2,charectorss30_11.jpg
480,1,1.0,1,charectorss30_12.jpg
640,1,1.0,1,charectorss30_13.jpg
3742,4,4.0,2,charectorss30_14.jpg
704,1,1.0,1,charectorss30_15.jpg
4545,5,4.0,1,charectorss30_16.jpg
2386,4,3.0,1,charectorss30_17.jpg
1015,2,2.0,2,charectorss30_18.jpg
1356,3,2.0,1,charectorss30_19.jpg
869,2,1.0,1,charectorss30_20.jpg
1025,3,2.0,1,charectorss30_21.jpg
3219,3,3.0,2,charectorss30_22.jpg
1905,3,2.0,2,charectorss30_23.jpg
493,1,1.0,1,charectorss30_24.jpg
398,1,1.0,1,charectorss30_25.jpg
500,1,1.0,1,charectorss30_26.jpg
2953,4,3.0,1,charectorss30_27.jpg
2250,3,2.5,2,charectorss30_28.jpg
2010,3,2.5,1,charectorss30_29.jpg
1360,3,2.5,2,charectorss30_30.jpg
2589,4,2.5,1,charectorss31_1.jpg
2588,3,2.5,1,charectorss31_2.jpg
2220,3,2.0,1,charectorss31_3.jpg
2352,4,3.0,1,charectorss31_4.jpg
2030,3,2.0,1,charectorss31_5.jpg
2400,4,3.5,1,charectorss31_6.jpg
1924,3,2.5,1,charectorss31_7.jpg
2326,4,2.5,1,charectorss31_8.jpg
2390,4,3.0,1,charectorss31_9.jpg
1254,2,2.0,1,charectorss31_10.jpg
1611,3,2.0,1,charectorss31_11.jpg
1599,3,2.5,1,charectorss31_12.jpg
2686,4,2.5,1,charectorss31_13.jpg
2496,6,4.0,1,charectorss31_14.jpg
2290,3,2.5,1,charectorss31_15.jpg
3086,4,3.5,1,charectorss31_16.jpg
2230,3,2.5,1,charectorss31_17.jpg
1416,3,2.0,1,charectorss31_18.jpg
1706,3,2.0,1,charectorss31_19.jpg
1992,4,2.0,1,charectorss31_20.jpg
2063,4,2.5,1,charectorss31_21.jpg
3083,3,3.5,1,charectorss31_22.jpg
2250,3,2.5,2,charectorss31_23.jpg
1967,3,2.5,1,charectorss31_24.jpg
2000,4,3.0,1,charectorss31_25.jpg
1552,3,2.0,1,charectorss31_26.jpg
2456,3,2.5,2,charectorss31_27.jpg
2395,3,2.5,1,charectorss31_28.jpg
3088,4,3.5,2,charectorss31_29.jpg
1889,4,2.0,1,charectorss31_30.jpg
1636,3,2.5,1,charectorss32_1.jpg
1576,3,2.0,2,charectorss32_2.jpg
800,2,1.0,1,charectorss32_3.jpg
1105,2,2.0,1,charectorss32_4.jpg
3638,3,3.5,1,charectorss32_5.jpg
1731,3,2.0,1,charectorss32_6.jpg
860,2,2.0,1,charectorss32_7.jpg
2557,3,2.5,1,charectorss32_8.jpg
2448,4,3.0,1,charectorss32_9.jpg
640,1,1.0,1,charectorss32_10.jpg
2557,3,2.5,1,charectorss32_11.jpg
880,2,1.0,1,charectorss32_12.jpg
1508,2,2.0,1,charectorss32_13.jpg
1986,3,2.0,1,charectorss32_14.jpg
1705,1,1.0,1,charectorss32_15.jpg
3986,4,2.5,1,charectorss32_16.jpg
1356,3,2.0,1,charectorss32_17.jpg
3601,3,2.5,1,charectorss32_18.jpg
1941,4,1.5,1,charectorss32_19.jpg
1863,3,2.0,1,charectorss32_20.jpg
2641,3,2.5,2,charectorss32_21.jpg
2749,3,2.5,1,charectorss32_22.jpg
1491,3,2.0,1,charectorss32_23.jpg
1356,3,2.0,1,charectorss32_24.jpg
3586,3,3.5,1,charectorss32_25.jpg
2331,2,2.0,1,charectorss32_26.jpg
3392,3,3.5,1,charectorss32_27.jpg
4600,4,3.5,1,charectorss32_28.jpg
1508,2,2.0,1,charectorss32_29.jpg
899,1,1.0,1,charectorss32_30.jpg
1960,3,2.5,1,charectorss33_1.jpg
2085,3,2.5,1,charectorss33_2.jpg
2220,3,2.0,1,charectorss33_3.jpg
2352,4,3.0,1,charectorss33_4.jpg
2765,3,2.5,2,charectorss33_5.jpg
2039,3,2.0,1,charectorss33_6.jpg
2030,3,2.0,1,charectorss33_7.jpg
2400,4,3.5,1,charectorss33_8.jpg
1817,3,2.0,1,charectorss33_9.jpg
1924,3,2.5,1,charectorss33_10.jpg
2326,4,2.5,1,charectorss33_11.jpg
1879,3,2.0,1,charectorss33_12.jpg
928,2,2.0,1,charectorss33_13.jpg
988,2,2.0,1,charectorss33_14.jpg
988,2,2.0,1,charectorss33_15.jpg
2373,4,2.5,1,charectorss33_16.jpg
1254,2,2.0,1,charectorss33_17.jpg
2428,3,2.5,1,charectorss33_18.jpg
1698,3,2.5,1,charectorss33_19.jpg
981,2,2.0,1,charectorss33_20.jpg
2000,3,2.5,1,charectorss33_21.jpg
1260,2,2.0,1,charectorss33_22.jpg
1611,3,2.0,1,charectorss33_23.jpg
3952,4,4.0,2,charectorss33_24.jpg
926,2,2.0,1,charectorss33_25.jpg
1650,3,2.5,1,charectorss33_26.jpg
1599,3,2.5,1,charectorss33_27.jpg
2016,3,2.5,1,charectorss33_28.jpg
2686,4,2.5,1,charectorss33_29.jpg
2496,6,4.0,1,charectorss33_30.jpg
1460,3,2.5,2,charectorss34_1.jpg
2220,3,2.0,1,charectorss34_2.jpg
1285,2,2.0,1,charectorss34_3.jpg
2352,4,3.0,1,charectorss34_4.jpg
2030,3,2.0,1,charectorss34_5.jpg
988,2,2.0,1,charectorss34_6.jpg
981,2,2.0,1,charectorss34_7.jpg
2000,3,2.5,1,charectorss34_8.jpg
1260,2,2.0,1,charectorss34_9.jpg
1611,3,2.0,1,charectorss34_10.jpg
1200,2,2.0,1,charectorss34_11.jpg
1509,3,2.0,2,charectorss34_12.jpg
2496,6,4.0,1,charectorss34_13.jpg
1398,3,2.0,1,charectorss34_14.jpg
800,2,1.0,1,charectorss34_15.jpg
1416,3,2.0,1,charectorss34_16.jpg
1035,3,2.0,1,charectorss34_17.jpg
1500,3,2.0,1,charectorss34_18.jpg
1600,3,2.0,1,charectorss34_19.jpg
1416,3,2.0,1,charectorss34_20.jpg
1300,3,2.0,1,charectorss34_21.jpg
1425,3,2.0,1,charectorss34_22.jpg
1292,3,2.0,1,charectorss34_23.jpg
1200,3,2.0,1,charectorss34_24.jpg
1706,3,2.0,1,charectorss34_25.jpg
1311,3,2.0,1,charectorss34_26.jpg
624,1,1.0,1,charectorss34_27.jpg
1131,3,2.0,1,charectorss34_28.jpg
1257,2,2.0,1,charectorss34_29.jpg
860,2,2.0,1,charectorss34_30.jpg
1770,3,2.5,2,charectorss35_1.jpg
1742,3,2.5,1,charectorss35_2.jpg
2743,4,4.5,2,charectorss35_3.jpg
2588,3,2.5,1,charectorss35_4.jpg
2220,3,2.0,1,charectorss35_5.jpg
2510,3,2.5,1,charectorss35_6.jpg
2358,3,2.5,1,charectorss35_7.jpg
2352,4,3.0,1,charectorss35_8.jpg
2765,3,2.5,2,charectorss35_9.jpg
2039,3,2.0,1,charectorss35_10.jpg
2400,3,3.5,1,charectorss35_11.jpg
2030,3,2.0,1,charectorss35_12.jpg
1421,3,2.0,1,charectorss35_13.jpg
1879,3,2.0,1,charectorss35_14.jpg
1486,3,2.0,1,charectorss35_15.jpg
928,2,2.0,1,charectorss35_16.jpg
988,2,2.0,1,charectorss35_17.jpg
2373,4,2.5,1,charectorss35_18.jpg
2390,4,3.0,1,charectorss35_19.jpg
1254,2,2.0,1,charectorss35_20.jpg
1448,2,2.0,1,charectorss35_21.jpg
2428,3,2.5,1,charectorss35_22.jpg
1698,3,2.5,1,charectorss35_23.jpg
1611,3,2.0,1,charectorss35_24.jpg
3952,4,4.0,2,charectorss35_25.jpg
1509,3,2.0,2,charectorss35_26.jpg
1599,3,2.5,1,charectorss35_27.jpg
1493,3,2.0,1,charectorss35_28.jpg
2016,3,2.5,1,charectorss35_29.jpg
2686,4,2.5,1,charectorss35_30.jpg
2510,4,3.0,2,charectorss36_1.jpg
2085,3,2.5,1,charectorss36_2.jpg
1742,3,2.5,1,charectorss36_3.jpg
2743,4,4.5,2,charectorss36_4.jpg
2400,4,3.5,1,charectorss36_5.jpg
1260,2,2.0,1,charectorss36_6.jpg
3952,4,4.0,2,charectorss36_7.jpg
1200,2,2.0,1,charectorss36_8.jpg
2290,3,2.5,1,charectorss36_9.jpg
1514,3,2.0,1,charectorss36_10.jpg
2232,4,2.5,1,charectorss36_11.jpg
2250,3,2.5,2,charectorss36_12.jpg
3076,4,3.5,1,charectorss36_13.jpg
2180,4,3.0,1,charectorss36_14.jpg
2395,3,2.5,1,charectorss36_15.jpg
1479,3,2.0,2,charectorss36_16.jpg
1999,3,3.5,2,charectorss36_17.jpg
2216,3,2.5,1,charectorss36_18.jpg
2039,4,3.0,1,charectorss36_19.jpg
2782,4,3.0,2,charectorss36_20.jpg
896,2,1.0,1,charectorss36_21.jpg
1374,3,2.0,2,charectorss36_22.jpg
1011,2,2.0,2,charectorss36_23.jpg
2662,3,3.0,2,charectorss36_24.jpg
1011,2,2.0,2,charectorss36_25.jpg
2010,3,2.5,1,charectorss36_26.jpg
4159,4,4.5,2,charectorss36_27.jpg
1162,2,2.0,1,charectorss36_28.jpg
4601,3,3.5,2,charectorss36_29.jpg
1451,3,2.0,1,charectorss36_30.jpg
3507,4,3.0,1,charectorss39_1.jpg
1769,3,2.0,1,charectorss39_2.jpg
2400,4,3.5,1,charectorss39_3.jpg
3952,4,4.0,2,charectorss39_4.jpg
3164,4,2.5,2,charectorss39_5.jpg
1300,3,2.0,1,charectorss39_6.jpg
2526,3,2.5,2,charectorss39_7.jpg
2555,5,4.0,2,charectorss39_8.jpg
2063,4,2.5,1,charectorss39_9.jpg
624,1,1.0,1,charectorss39_10.jpg
3088,4,3.5,2,charectorss39_11.jpg
1735,3,2.5,1,charectorss39_12.jpg
2077,3,2.0,1,charectorss39_13.jpg
900,2,1.0,1,charectorss39_14.jpg
1185,2,2.0,1,charectorss39_15.jpg
1848,3,2.0,1,charectorss39_16.jpg
287,1,1.0,1,charectorss39_17.jpg
598,1,1.0,1,charectorss39_18.jpg
1740,3,2.0,1,charectorss39_19.jpg
2296,3,3.0,2,charectorss39_20.jpg
1061,2,2.0,1,charectorss39_21.jpg
5564,4,5.5,2,charectorss39_22.jpg
3889,7,5.0,2,charectorss39_23.jpg
1398,3,2.0,1,charectorss39_24.jpg
4910,5,5.5,2,charectorss39_25.jpg
1628,3,2.0,1,charectorss39_26.jpg
930,2,2.0,1,charectorss39_27.jpg
1986,3,2.0,1,charectorss39_28.jpg
676,1,1.0,1,charectorss39_29.jpg
1191,2,2.0,1,charectorss39_30.jpg
5884,5,5.5,1,charectorss40_1.jpg
3776,3,3.5,1,charectorss40_2.jpg
1924,3,2.5,1,charectorss40_3.jpg
1599,3,2.5,1,charectorss40_4.jpg
3374,3,3.5,2,charectorss40_5.jpg
800,2,1.0,1,charectorss40_6.jpg
2230,3,2.5,1,charectorss40_7.jpg
2555,5,4.0,2,charectorss40_8.jpg
1731,3,2.0,1,charectorss40_9.jpg
860,2,2.0,1,charectorss40_10.jpg
1450,3,2.0,1,charectorss40_11.jpg
2168,3,2.5,1,charectorss40_12.jpg
2557,3,2.5,1,charectorss40_13.jpg
2268,3,2.0,1,charectorss40_14.jpg
2091,3,2.5,1,charectorss40_15.jpg
395,1,1.0,1,charectorss40_16.jpg
920,2,2.0,2,charectorss40_17.jpg
2482,4,3.5,1,charectorss40_18.jpg
2720,3,2.5,2,charectorss40_19.jpg
2448,4,3.0,1,charectorss40_20.jpg
300,1,1.0,1,charectorss40_21.jpg
900,2,1.0,1,charectorss40_22.jpg
3882,5,2.5,2,charectorss40_23.jpg
1749,3,2.0,1,charectorss40_24.jpg
891,2,2.0,1,charectorss40_25.jpg
3584,4,2.5,2,charectorss40_26.jpg
287,1,1.0,1,charectorss40_27.jpg
4903,4,5.0,2,charectorss40_28.jpg
1412,3,2.0,1,charectorss40_29.jpg
1616,2,2.0,2,charectorss40_30.jpg
1617,3,2.0,1,charectorss41_1.jpg
4903,4,5.0,2,charectorss41_2.jpg
2566,4,3.0,2,charectorss41_3.jpg
1824,3,2.5,2,charectorss41_4.jpg
1492,3,2.0,1,charectorss41_5.jpg
1080,3,2.0,1,charectorss41_6.jpg
448,1,1.0,1,charectorss41_7.jpg
1604,3,2.5,2,charectorss41_8.jpg
2076,3,2.5,2,charectorss41_9.jpg
1962,3,2.5,2,charectorss41_10.jpg
1599,3,2.5,2,charectorss41_11.jpg
784,1,1.0,1,charectorss41_12.jpg
1655,3,2.0,2,charectorss41_13.jpg
1646,3,2.5,2,charectorss41_14.jpg
2182,3,2.5,2,charectorss41_15.jpg
2834,4,3.5,2,charectorss41_16.jpg
3222,5,4.0,1,charectorss41_17.jpg
2193,1,1.0,2,charectorss41_18.jpg
2264,3,2.5,1,charectorss41_19.jpg
2152,3,2.5,3,charectorss41_20.jpg
1997,4,2.5,1,charectorss41_21.jpg
1787,3,2.0,1,charectorss41_22.jpg
1446,4,2.0,1,charectorss41_23.jpg
2855,4,3.0,2,charectorss41_24.jpg
1814,3,1.5,2,charectorss41_25.jpg
1787,3,2.5,2,charectorss41_26.jpg
3277,5,4.0,2,charectorss41_27.jpg
3435,4,3.5,2,charectorss41_28.jpg
4469,4,3.5,2,charectorss41_29.jpg
2026,3,3.0,2,charectorss41_30.jpg
3123,3,3.5,3,charectorss42_1.jpg
2400,4,3.5,1,charectorss42_2.jpg
3952,4,4.0,2,charectorss42_3.jpg
3164,4,2.5,2,charectorss42_4.jpg
3638,3,3.5,1,charectorss42_5.jpg
2526,3,2.5,2,charectorss42_6.jpg
3507,4,3.0,1,charectorss42_7.jpg
2555,5,4.0,2,charectorss42_8.jpg
1800,3,2.5,1,charectorss42_9.jpg
1872,3,2.0,1,charectorss42_10.jpg
624,1,1.0,1,charectorss42_11.jpg
3088,4,3.5,2,charectorss42_12.jpg
1479,3,2.0,2,charectorss42_13.jpg
1727,2,2.0,2,charectorss42_14.jpg
4923,4,3.5,2,charectorss42_15.jpg
6136,5,5.5,2,charectorss42_16.jpg
3882,5,2.5,2,charectorss42_17.jpg
1185,2,2.0,1,charectorss42_18.jpg
3031,4,5.0,2,charectorss42_19.jpg
11672,6,7.5,3,charectorss42_20.jpg
2684,3,3.0,1,charectorss42_21.jpg
2444,3,2.5,1,charectorss42_22.jpg
3507,3,4.0,2,charectorss42_23.jpg
1061,2,2.0,1,charectorss42_24.jpg
1697,3,2.0,1,charectorss42_25.jpg
7466,5,5.5,2,charectorss42_26.jpg
2543,4,3.0,2,charectorss42_27.jpg
2483,4,3.0,2,charectorss42_28.jpg
5564,4,5.5,2,charectorss42_29.jpg
2493,4,4.5,2,charectorss42_30.jpg
2400,4,3.5,1,charectorss43_1.jpg
1879,3,2.0,1,charectorss43_2.jpg
3952,4,4.0,2,charectorss43_3.jpg
3164,4,2.5,2,charectorss43_4.jpg
2526,3,2.5,2,charectorss43_5.jpg
3507,4,3.0,1,charectorss43_6.jpg
624,1,1.0,1,charectorss43_7.jpg
2168,3,2.5,1,charectorss43_8.jpg
2091,3,2.5,1,charectorss43_9.jpg
3088,4,3.5,2,charectorss43_10.jpg
1727,2,2.0,2,charectorss43_11.jpg
2720,3,2.5,2,charectorss43_12.jpg
3122,3,3.5,1,charectorss43_13.jpg
1428,3,2.0,1,charectorss43_14.jpg
1185,2,2.0,1,charectorss43_15.jpg
1749,3,2.0,1,charectorss43_16.jpg
1740,3,2.0,1,charectorss43_17.jpg
2296,3,3.0,2,charectorss43_18.jpg
999,2,2.0,1,charectorss43_19.jpg
2556,4,3.0,2,charectorss43_20.jpg
1061,2,2.0,1,charectorss43_21.jpg
3009,4,4.0,2,charectorss43_22.jpg
5077,5,4.0,2,charectorss43_23.jpg
1398,3,2.0,1,charectorss43_24.jpg
4910,5,5.5,2,charectorss43_25.jpg
3493,4,3.5,2,charectorss43_26.jpg
2847,3,3.0,1,charectorss43_27.jpg
1191,2,2.0,1,charectorss43_28.jpg
2258,3,2.5,2,charectorss43_29.jpg
2551,4,3.5,2,charectorss43_30.jpg
2458,3,2.5,2,charectorss44_1.jpg
5051,4,4.5,2,charectorss44_2.jpg
2400,4,3.5,1,charectorss44_3.jpg
3952,4,4.0,2,charectorss44_4.jpg
3374,3,3.5,2,charectorss44_5.jpg
3164,4,2.5,2,charectorss44_6.jpg
2526,3,2.5,2,charectorss44_7.jpg
3507,4,3.0,1,charectorss44_8.jpg
624,1,1.0,1,charectorss44_9.jpg
2180,4,3.0,1,charectorss44_10.jpg
1738,3,2.5,2,charectorss44_11.jpg
3088,4,3.5,2,charectorss44_12.jpg
1966,4,3.0,2,charectorss44_13.jpg
2742,4,3.5,1,charectorss44_14.jpg
1185,2,2.0,1,charectorss44_15.jpg
2920,3,2.5,1,charectorss44_16.jpg
1740,3,2.0,1,charectorss44_17.jpg
2556,4,3.0,2,charectorss44_18.jpg
1061,2,2.0,1,charectorss44_19.jpg
1697,3,2.0,1,charectorss44_20.jpg
2926,4,3.5,1,charectorss44_21.jpg
5564,4,5.5,2,charectorss44_22.jpg
3360,5,4.0,1,charectorss44_23.jpg
1398,3,2.0,1,charectorss44_24.jpg
4910,5,5.5,2,charectorss44_25.jpg
10735,5,6.0,2,charectorss44_26.jpg
1628,3,2.0,1,charectorss44_27.jpg
1963,3,2.5,2,charectorss44_28.jpg
1191,2,2.0,1,charectorss44_29.jpg
2468,3,2.5,1,charectorss44_30.jpg
3952,4,4.0,2,charectorss45_1.jpg
2400,4,3.5,1,charectorss45_2.jpg
3164,4,2.5,2,charectorss45_3.jpg
1764,4,2.0,1,charectorss45_4.jpg
2526,3,2.5,2,charectorss45_5.jpg
3507,4,3.0,1,charectorss45_6.jpg
624,1,1.0,1,charectorss45_7.jpg
3048,4,4.0,1,charectorss45_8.jpg
3088,4,3.5,2,charectorss45_9.jpg
1479,3,2.0,2,charectorss45_10.jpg
1727,2,2.0,2,charectorss45_11.jpg
1486,3,2.0,1,charectorss45_12.jpg
1966,4,3.0,2,charectorss45_13.jpg
1428,3,2.0,1,charectorss45_14.jpg
1827,3,2.5,2,charectorss45_15.jpg
2481,4,3.0,2,charectorss45_16.jpg
2742,4,3.5,1,charectorss45_17.jpg
3882,5,2.5,2,charectorss45_18.jpg
1185,2,2.0,1,charectorss45_19.jpg
2920,3,2.5,1,charectorss45_20.jpg
1740,3,2.0,1,charectorss45_21.jpg
800,2,1.0,1,charectorss45_22.jpg
1061,2,2.0,1,charectorss45_23.jpg
2926,4,3.5,1,charectorss45_24.jpg
5077,5,4.0,2,charectorss45_25.jpg
1398,3,2.0,1,charectorss45_26.jpg
4910,5,5.5,2,charectorss45_27.jpg
1963,3,2.5,2,charectorss45_28.jpg
1898,3,2.0,1,charectorss45_29.jpg
2097,4,3.0,1,charectorss45_30.jpg
2961,4,3.5,2,charectorss47_1.jpg
2085,3,2.5,1,charectorss47_2.jpg
1742,3,2.5,1,charectorss47_3.jpg
2486,3,2.5,1,charectorss47_4.jpg
1769,3,2.0,1,charectorss47_5.jpg
3776,3,3.5,1,charectorss47_6.jpg
2765,3,2.5,2,charectorss47_7.jpg
2039,3,2.0,1,charectorss47_8.jpg
2400,4,3.5,1,charectorss47_9.jpg
1817,3,2.0,1,charectorss47_10.jpg
1924,3,2.5,1,charectorss47_11.jpg
2326,4,2.5,1,charectorss47_12.jpg
1421,3,2.0,1,charectorss47_13.jpg
1879,3,2.0,1,charectorss47_14.jpg
1486,3,2.0,1,charectorss47_15.jpg
1254,2,2.0,1,charectorss47_16.jpg
1448,2,2.0,1,charectorss47_17.jpg
2428,3,2.5,1,charectorss47_18.jpg
3952,4,4.0,2,charectorss47_19.jpg
1650,3,2.5,1,charectorss47_20.jpg
1599,3,2.5,1,charectorss47_21.jpg
1493,3,2.0,1,charectorss47_22.jpg
2686,4,2.5,1,charectorss47_23.jpg
3374,3,3.5,2,charectorss47_24.jpg
800,2,1.0,1,charectorss47_25.jpg
1956,3,2.5,1,charectorss47_26.jpg
2230,3,2.5,1,charectorss47_27.jpg
1500,3,2.0,1,charectorss47_28.jpg
3164,4,2.5,2,charectorss47_29.jpg
3638,3,3.5,1,charectorss47_30.jpg
1740,3,2.0,1,charectorss48_1.jpg
800,2,1.0,1,charectorss48_2.jpg
2557,3,2.5,1,charectorss48_3.jpg
2091,3,2.5,1,charectorss48_4.jpg
2720,3,2.5,2,charectorss48_5.jpg
1428,3,2.0,1,charectorss48_6.jpg
2742,4,3.5,1,charectorss48_7.jpg
1749,3,2.0,1,charectorss48_8.jpg
1412,3,2.0,1,charectorss48_9.jpg
600,1,1.0,1,charectorss48_10.jpg
2518,4,3.0,2,charectorss48_11.jpg
5884,5,5.5,1,charectorss48_12.jpg
2352,4,2.5,1,charectorss48_13.jpg
2556,4,3.0,2,charectorss48_14.jpg
800,2,1.0,1,charectorss48_15.jpg
2282,3,2.5,1,charectorss48_16.jpg
3754,3,2.5,2,charectorss48_17.jpg
4750,4,4.5,2,charectorss48_18.jpg
3493,4,3.5,2,charectorss48_19.jpg
2847,3,3.0,1,charectorss48_20.jpg
2414,3,3.0,2,charectorss48_21.jpg
869,2,1.0,1,charectorss48_22.jpg
3738,4,4.5,2,charectorss48_23.jpg
3878,4,5.5,2,charectorss48_24.jpg
2267,3,3.0,2,charectorss48_25.jpg
2557,3,3.5,2,charectorss48_26.jpg
1924,3,2.0,1,charectorss48_27.jpg
3187,4,3.5,2,charectorss48_28.jpg
1687,3,2.5,2,charectorss48_29.jpg
2158,4,2.5,2,charectorss48_30.jpg
3041,3,2.5,2,charectorss51_1.jpg
784,1,1.0,1,charectorss51_2.jpg
2486,3,2.5,1,charectorss51_3.jpg
2220,3,2.0,1,charectorss51_4.jpg
3776,3,3.5,1,charectorss51_5.jpg
2765,3,2.5,2,charectorss51_6.jpg
2039,3,2.0,1,charectorss51_7.jpg
2400,3,3.5,1,charectorss51_8.jpg
2030,3,2.0,1,charectorss51_9.jpg
612,1,1.0,1,charectorss51_10.jpg
1800,3,2.0,1,charectorss51_11.jpg
2000,3,2.5,1,charectorss51_12.jpg
2235,4,3.0,2,charectorss51_13.jpg
1260,2,2.0,1,charectorss51_14.jpg
2016,3,2.5,1,charectorss51_15.jpg
3374,3,3.5,2,charectorss51_16.jpg
2084,3,2.5,2,charectorss51_17.jpg
924,2,1.0,1,charectorss51_18.jpg
525,1,1.0,2,charectorss51_19.jpg
2765,3,2.5,2,charectorss51_20.jpg
3399,3,3.0,2,charectorss51_21.jpg
1800,3,3.0,1,charectorss51_22.jpg
1596,3,2.0,1,charectorss51_23.jpg
1639,3,2.0,1,charectorss51_24.jpg
2693,3,2.5,2,charectorss51_25.jpg
2250,3,2.5,2,charectorss51_26.jpg
2168,3,2.5,1,charectorss51_27.jpg
2311,3,2.5,2,charectorss51_28.jpg
896,2,1.0,1,charectorss51_29.jpg
2000,4,3.0,1,charectorss51_30.jpg
2894,4,3.5,3,charectorss52_1.jpg
3595,3,4.5,3,charectorss52_2.jpg
1105,2,2.0,1,charectorss52_3.jpg
3105,4,3.0,2,charectorss52_4.jpg
856,2,1.0,1,charectorss52_5.jpg
2810,4,3.0,4,charectorss52_6.jpg
6182,5,5.5,2,charectorss52_7.jpg
1024,1,1.5,1,charectorss52_8.jpg
1011,2,2.0,2,charectorss52_9.jpg
1011,2,2.0,2,charectorss52_10.jpg
4159,4,4.5,2,charectorss52_11.jpg
896,1,1.5,1,charectorss52_12.jpg
576,1,1.0,1,charectorss52_13.jpg
935,2,1.0,1,charectorss52_14.jpg
1267,2,2.0,2,charectorss52_15.jpg
991,2,2.0,1,charectorss52_16.jpg
3310,4,3.5,2,charectorss52_17.jpg
1697,3,2.0,1,charectorss52_18.jpg
799,1,1.5,1,charectorss52_19.jpg
1410,3,2.0,2,charectorss52_20.jpg
2543,4,3.0,2,charectorss52_21.jpg
2483,4,3.0,2,charectorss52_22.jpg
2493,4,4.5,2,charectorss52_23.jpg
2184,3,2.0,2,charectorss52_24.jpg
954,2,1.0,1,charectorss52_25.jpg
2386,4,3.0,1,charectorss52_26.jpg
816,1,1.0,1,charectorss52_27.jpg
1249,3,2.0,2,charectorss52_28.jpg
796,1,1.0,1,charectorss52_29.jpg
1697,3,2.0,2,charectorss52_30.jpg
1879,3,2.0,1,charectorss53_1.jpg
1642,3,2.5,1,charectorss53_2.jpg
1200,3,2.0,1,charectorss53_3.jpg
624,1,1.0,1,charectorss53_4.jpg
2234,3,2.5,1,charectorss53_5.jpg
1473,3,2.0,1,charectorss53_6.jpg
1788,3,2.0,1,charectorss53_7.jpg
2073,3,2.5,1,charectorss53_8.jpg
1374,3,2.0,2,charectorss53_9.jpg
1024,1,1.5,1,charectorss53_10.jpg
1749,3,2.0,1,charectorss53_11.jpg
2988,4,3.0,2,charectorss53_12.jpg
1914,3,2.0,1,charectorss53_13.jpg
691,2,1.0,1,charectorss53_14.jpg
1451,3,2.0,1,charectorss53_15.jpg
1428,3,2.0,1,charectorss53_16.jpg
2296,3,3.0,2,charectorss53_17.jpg
999,2,2.0,1,charectorss53_18.jpg
3797,4,3.5,2,charectorss53_19.jpg
1697,3,2.0,1,charectorss53_20.jpg
788,1,1.0,1,charectorss53_21.jpg
3742,4,4.0,2,charectorss53_22.jpg
1440,2,2.0,1,charectorss53_23.jpg
1947,4,2.5,1,charectorss53_24.jpg
680,1,1.0,2,charectorss53_25.jpg
1657,3,2.0,1,charectorss53_26.jpg
1628,3,2.0,1,charectorss53_27.jpg
2590,3,3.0,2,charectorss53_28.jpg
640,1,1.0,2,charectorss53_29.jpg
930,2,2.0,1,charectorss53_30.jpg
1230,3,2.0,1,charectorss54_1.jpg
1679,2,2.0,1,charectorss54_2.jpg
1200,2,2.0,1,charectorss54_3.jpg
768,1,1.0,1,charectorss54_4.jpg
624,1,1.0,1,charectorss54_5.jpg
384,1,1.0,1,charectorss54_6.jpg
2234,3,2.5,1,charectorss54_7.jpg
2268,3,2.0,1,charectorss54_8.jpg
1479,3,2.0,2,charectorss54_9.jpg
1727,2,2.0,2,charectorss54_10.jpg
1770,3,2.5,2,charectorss54_11.jpg
522,1,1.0,2,charectorss54_12.jpg
1277,3,2.0,1,charectorss54_13.jpg
1966,4,3.0,2,charectorss54_14.jpg
1143,2,1.0,1,charectorss54_15.jpg
900,2,1.0,1,charectorss54_16.jpg
1599,2,2.0,2,charectorss54_17.jpg
1374,3,2.0,2,charectorss54_18.jpg
640,1,1.0,1,charectorss54_19.jpg
761,2,1.0,2,charectorss54_20.jpg
1011,2,2.0,2,charectorss54_21.jpg
2662,3,3.0,2,charectorss54_22.jpg
1011,2,2.0,2,charectorss54_23.jpg
1400,2,2.0,2,charectorss54_24.jpg
896,1,1.5,1,charectorss54_25.jpg
600,1,1.0,1,charectorss54_26.jpg
935,2,1.0,1,charectorss54_27.jpg
1162,2,2.0,1,charectorss54_28.jpg
598,1,1.0,1,charectorss54_29.jpg
480,2,1.0,1,charectorss54_30.jpg
9360,6,6.5,2,charectorss55_1.jpg
2191,3,2.5,1,charectorss55_2.jpg
8210,6,7.5,2,charectorss55_3.jpg
5564,4,5.5,2,charectorss55_4.jpg
10735,5,6.0,2,charectorss55_5.jpg
2523,4,3.0,2,charectorss55_6.jpg
5699,5,7.0,2,charectorss55_7.jpg
2502,4,3.5,2,charectorss55_8.jpg
2551,4,3.5,2,charectorss55_9.jpg
3265,4,3.5,3,charectorss55_10.jpg
1640,3,2.0,1,charectorss55_11.jpg
4327,4,3.5,2,charectorss55_12.jpg
3136,4,3.5,1,charectorss55_13.jpg
1895,4,2.5,2,charectorss55_14.jpg
768,2,1.0,1,charectorss55_15.jpg
2898,4,3.0,2,charectorss55_16.jpg
1990,3,2.0,1,charectorss55_17.jpg
643,1,2.0,2,charectorss55_18.jpg
4417,4,4.5,2,charectorss55_19.jpg
4969,3,3.5,2,charectorss55_20.jpg
3618,4,4.0,2,charectorss55_21.jpg
1172,2,2.0,1,charectorss55_22.jpg
3270,4,3.5,2,charectorss55_23.jpg
1649,3,2.5,1,charectorss55_24.jpg
2099,5,2.5,2,charectorss55_25.jpg
2141,4,2.5,2,charectorss55_26.jpg
2379,3,2.5,1,charectorss55_27.jpg
1320,3,2.0,1,charectorss55_28.jpg
1486,3,2.5,2,charectorss55_29.jpg
3869,4,3.5,2,charectorss55_30.jpg
2510,3,2.5,1,charectorss56_1.jpg
4298,4,4.5,2,charectorss56_2.jpg
741,1,1.0,2,charectorss56_3.jpg
11000,5,5.0,3,charectorss56_4.jpg
9360,6,6.5,2,charectorss56_5.jpg
3206,6,3.0,2,charectorss56_6.jpg
4903,4,5.0,2,charectorss56_7.jpg
880,1,2.0,2,charectorss56_8.jpg
5739,5,5.5,1,charectorss56_9.jpg
2631,4,3.0,2,charectorss56_10.jpg
5564,4,5.5,2,charectorss56_11.jpg
2566,4,3.0,2,charectorss56_12.jpg
4724,5,4.5,2,charectorss56_13.jpg
1872,3,3.0,2,charectorss56_14.jpg
10735,5,6.0,2,charectorss56_15.jpg
4943,4,4.5,2,charectorss56_16.jpg
2400,3,2.5,2,charectorss56_17.jpg
3414,3,3.5,2,charectorss56_18.jpg
2148,4,2.5,2,charectorss56_19.jpg
3359,4,3.5,2,charectorss56_20.jpg
2557,3,3.5,2,charectorss56_21.jpg
3664,4,4.0,2,charectorss56_22.jpg
1640,3,2.0,1,charectorss56_23.jpg
1476,3,2.0,1,charectorss56_24.jpg
2400,4,3.5,2,charectorss56_25.jpg
1775,3,2.5,2,charectorss56_26.jpg
909,1,1.5,2,charectorss56_27.jpg
1730,4,2.5,2,charectorss56_28.jpg
1385,3,2.0,1,charectorss56_29.jpg
2825,4,3.5,2,charectorss56_30.jpg
3345,3,3.5,2,charectorss57_1.jpg
3458,4,4.5,3,charectorss57_2.jpg
3776,3,3.5,1,charectorss57_3.jpg
1679,2,2.0,1,charectorss57_4.jpg
3595,3,4.5,3,charectorss57_5.jpg
2235,3,2.5,1,charectorss57_6.jpg
1200,2,2.0,1,charectorss57_7.jpg
1509,3,2.0,2,charectorss57_8.jpg
926,2,2.0,1,charectorss57_9.jpg
1576,3,2.0,2,charectorss57_10.jpg
3374,3,3.5,2,charectorss57_11.jpg
2287,3,3.0,2,charectorss57_12.jpg
1105,2,2.0,1,charectorss57_13.jpg
2827,3,3.0,2,charectorss57_14.jpg
3164,4,2.5,2,charectorss57_15.jpg
3638,3,3.5,1,charectorss57_16.jpg
3105,4,3.0,2,charectorss57_17.jpg
1212,2,1.0,1,charectorss57_18.jpg
3224,6,4.5,2,charectorss57_19.jpg
2358,3,2.5,1,charectorss57_20.jpg
1913,3,2.0,1,charectorss57_21.jpg
1731,3,2.0,1,charectorss57_22.jpg
1131,3,2.0,1,charectorss57_23.jpg
1639,3,2.0,1,charectorss57_24.jpg
3083,3,3.5,1,charectorss57_25.jpg
2250,3,2.5,2,charectorss57_26.jpg
985,2,2.0,2,charectorss57_27.jpg
2268,3,2.0,1,charectorss57_28.jpg
1552,3,2.0,1,charectorss57_29.jpg
1373,3,2.0,1,charectorss57_30.jpg
1616,2,2.0,2,charectorss58_1.jpg
1742,3,2.5,1,charectorss58_2.jpg
2743,4,4.5,2,charectorss58_3.jpg
2510,3,2.5,1,charectorss58_4.jpg
1285,2,2.0,1,charectorss58_5.jpg
1486,3,2.0,1,charectorss58_6.jpg
928,2,2.0,1,charectorss58_7.jpg
988,2,2.0,1,charectorss58_8.jpg
1254,2,2.0,1,charectorss58_9.jpg
926,2,2.0,1,charectorss58_10.jpg
2016,3,2.5,1,charectorss58_11.jpg
800,2,1.0,1,charectorss58_12.jpg
1500,3,2.0,1,charectorss58_13.jpg
1300,3,2.0,1,charectorss58_14.jpg
1425,3,2.0,1,charectorss58_15.jpg
1764,4,2.0,1,charectorss58_16.jpg
1212,2,1.0,1,charectorss58_17.jpg
618,1,1.0,2,charectorss58_18.jpg
4658,6,4.5,2,charectorss58_19.jpg
2526,3,2.5,2,charectorss58_20.jpg
1200,3,2.0,1,charectorss58_21.jpg
1732,4,2.5,1,charectorss58_22.jpg
856,2,1.0,1,charectorss58_23.jpg
624,1,1.0,1,charectorss58_24.jpg
1257,2,2.0,1,charectorss58_25.jpg
736,2,1.0,1,charectorss58_26.jpg
872,1,1.5,1,charectorss58_27.jpg
1450,3,2.0,1,charectorss58_28.jpg
1302,3,2.0,2,charectorss58_29.jpg
1738,3,2.5,2,charectorss58_30.jpg
1908,3,2.5,2,charectorss59_1.jpg
784,1,1.0,1,charectorss59_2.jpg
2085,3,2.5,1,charectorss59_3.jpg
1742,3,2.5,1,charectorss59_4.jpg
2486,3,2.5,1,charectorss59_5.jpg
2743,4,4.5,2,charectorss59_6.jpg
2220,3,2.0,1,charectorss59_7.jpg
1769,3,2.0,1,charectorss59_8.jpg
3776,3,3.5,1,charectorss59_9.jpg
2358,3,2.5,1,charectorss59_10.jpg
2765,3,2.5,2,charectorss59_11.jpg
2400,3,3.5,1,charectorss59_12.jpg
1679,2,2.0,1,charectorss59_13.jpg
612,1,1.0,1,charectorss59_14.jpg
2400,4,3.5,1,charectorss59_15.jpg
1924,3,2.5,1,charectorss59_16.jpg
2326,4,2.5,1,charectorss59_17.jpg
3127,4,3.5,1,charectorss59_18.jpg
1843,4,2.0,1,charectorss59_19.jpg
988,2,2.0,1,charectorss59_20.jpg
1800,3,2.0,1,charectorss59_21.jpg
2390,4,3.0,1,charectorss59_22.jpg
1254,2,2.0,1,charectorss59_23.jpg
1448,2,2.0,1,charectorss59_24.jpg
2428,3,2.5,1,charectorss59_25.jpg
981,2,2.0,1,charectorss59_26.jpg
2000,3,2.5,1,charectorss59_27.jpg
2235,4,3.0,2,charectorss59_28.jpg
1260,2,2.0,1,charectorss59_29.jpg
1611,3,2.0,1,charectorss59_30.jpg
3458,4,4.5,3,charectorss60_1.jpg
960,2,1.0,1,charectorss60_2.jpg
1769,3,2.0,1,charectorss60_3.jpg
2358,3,2.5,1,charectorss60_4.jpg
2765,3,2.5,2,charectorss60_5.jpg
2039,3,2.0,1,charectorss60_6.jpg
2030,3,2.0,1,charectorss60_7.jpg
2303,3,2.5,1,charectorss60_8.jpg
2400,4,3.5,1,charectorss60_9.jpg
1817,3,2.0,1,charectorss60_10.jpg
1843,4,2.0,1,charectorss60_11.jpg
1421,3,2.0,1,charectorss60_12.jpg
1879,3,2.0,1,charectorss60_13.jpg
928,2,2.0,1,charectorss60_14.jpg
988,2,2.0,1,charectorss60_15.jpg
988,2,2.0,1,charectorss60_16.jpg
1254,2,2.0,1,charectorss60_17.jpg
2428,3,2.5,1,charectorss60_18.jpg
1698,3,2.5,1,charectorss60_19.jpg
981,2,2.0,1,charectorss60_20.jpg
2016,3,2.5,1,charectorss60_21.jpg
1232,2,2.0,1,charectorss60_22.jpg
1956,3,2.5,1,charectorss60_23.jpg
2030,3,2.0,1,charectorss60_24.jpg
2230,3,2.5,1,charectorss60_25.jpg
1897,4,2.0,1,charectorss60_26.jpg
1232,2,2.0,1,charectorss60_27.jpg
1258,3,2.0,1,charectorss60_28.jpg
2765,3,2.5,2,charectorss60_29.jpg
1425,3,2.0,1,charectorss60_30.jpg
3359,3,4.0,2,charectorss61_1.jpg
5051,4,4.5,2,charectorss61_2.jpg
1285,2,2.0,1,charectorss61_3.jpg
3595,3,4.5,3,charectorss61_4.jpg
3127,4,3.5,1,charectorss61_5.jpg
2373,4,2.5,1,charectorss61_6.jpg
2578,4,3.0,1,charectorss61_7.jpg
1884,3,2.0,1,charectorss61_8.jpg
1800,3,2.5,1,charectorss61_9.jpg
1356,3,2.5,2,charectorss61_10.jpg
3692,5,5.0,2,charectorss61_11.jpg
3647,3,3.5,2,charectorss61_12.jpg
3214,3,3.5,1,charectorss61_13.jpg
3048,4,4.0,1,charectorss61_14.jpg
2789,4,3.5,1,charectorss61_15.jpg
3122,3,3.5,1,charectorss61_16.jpg
3340,4,4.5,1,charectorss61_17.jpg
1798,4,2.0,1,charectorss61_18.jpg
3176,4,3.5,1,charectorss61_19.jpg
300,1,1.0,1,charectorss61_20.jpg
11672,6,7.5,3,charectorss61_21.jpg
6860,4,5.0,2,charectorss61_22.jpg
2469,4,3.0,2,charectorss61_23.jpg
4754,4,3.5,2,charectorss61_24.jpg
1162,2,2.0,1,charectorss61_25.jpg
6554,4,4.5,1,charectorss61_26.jpg
3310,4,3.5,2,charectorss61_27.jpg
3487,4,2.5,2,charectorss61_28.jpg
3704,4,4.5,1,charectorss61_29.jpg
5739,5,5.5,1,charectorss61_30.jpg
2578,4,3.5,1,charectorss62_1.jpg
784,1,1.0,1,charectorss62_2.jpg
2085,3,2.5,1,charectorss62_3.jpg
1742,3,2.5,1,charectorss62_4.jpg
2486,3,2.5,1,charectorss62_5.jpg
2743,4,4.5,2,charectorss62_6.jpg
2588,3,2.5,1,charectorss62_7.jpg
2220,3,2.0,1,charectorss62_8.jpg
2510,3,2.5,1,charectorss62_9.jpg
960,2,1.0,1,charectorss62_10.jpg
2358,3,2.5,1,charectorss62_11.jpg
2352,4,3.0,1,charectorss62_12.jpg
2765,3,2.5,2,charectorss62_13.jpg
2039,3,2.0,1,charectorss62_14.jpg
2400,3,3.5,1,charectorss62_15.jpg
2030,3,2.0,1,charectorss62_16.jpg
2303,3,2.5,1,charectorss62_17.jpg
612,1,1.0,1,charectorss62_18.jpg
2400,4,3.5,1,charectorss62_19.jpg
1817,3,2.0,1,charectorss62_20.jpg
1924,3,2.5,1,charectorss62_21.jpg
2326,4,2.5,1,charectorss62_22.jpg
3127,4,3.5,1,charectorss62_23.jpg
1843,4,2.0,1,charectorss62_24.jpg
1486,3,2.0,1,charectorss62_25.jpg
928,2,2.0,1,charectorss62_26.jpg
988,2,2.0,1,charectorss62_27.jpg
988,2,2.0,1,charectorss62_28.jpg
1800,3,2.0,1,charectorss62_29.jpg
2373,4,2.5,1,charectorss62_30.jpg
2328,3,2.0,2,charectorss63_1.jpg
1285,2,2.0,3,charectorss63_2.jpg
950,1,1.0,2,charectorss63_3.jpg
5140,5,4.5,2,charectorss63_4.jpg
1338,2,2.0,2,charectorss63_5.jpg
360,1,1.0,1,charectorss63_6.jpg
3725,6,3.0,2,charectorss63_7.jpg
1509,2,2.0,2,charectorss63_8.jpg
4310,5,5.0,2,charectorss63_9.jpg
3670,6,5.0,2,charectorss63_10.jpg
4565,4,3.5,2,charectorss63_11.jpg
3725,4,3.0,2,charectorss63_12.jpg
2513,3,2.5,2,charectorss63_13.jpg
2281,3,2.5,2,charectorss63_14.jpg
1390,2,2.0,1,charectorss63_15.jpg
1568,2,2.5,2,charectorss63_16.jpg
1362,2,2.0,2,charectorss63_17.jpg
1427,2,2.0,2,charectorss63_18.jpg
3867,5,4.0,3,charectorss63_19.jpg
1601,3,2.0,2,charectorss63_20.jpg
2319,3,2.5,2,charectorss63_21.jpg
1512,3,2.0,1,charectorss63_22.jpg
2688,3,4.0,1,charectorss63_23.jpg
2053,2,2.0,2,charectorss63_24.jpg
1785,3,3.0,2,charectorss63_25.jpg
1040,1,1.0,2,charectorss63_26.jpg
2576,2,2.0,2,charectorss63_27.jpg
2057,3,3.0,2,charectorss63_28.jpg
1469,1,1.0,2,charectorss63_29.jpg
1485,3,3.0,2,charectorss63_30.jpg
4923,4,3.5,2,charectorss64_1.jpg
2191,3,2.5,1,charectorss64_2.jpg
3599,4,4.5,1,charectorss64_3.jpg
8364,6,6.0,3,charectorss64_4.jpg
6136,5,5.5,2,charectorss64_5.jpg
7395,6,7.5,2,charectorss64_6.jpg
3031,4,5.0,2,charectorss64_7.jpg
11672,6,7.5,3,charectorss64_8.jpg
6860,4,5.0,2,charectorss64_9.jpg
8001,5,5.5,2,charectorss64_10.jpg
2684,3,3.0,1,charectorss64_11.jpg
6079,5,6.0,2,charectorss64_12.jpg
6001,5,6.5,2,charectorss64_13.jpg
6554,4,4.5,1,charectorss64_14.jpg
4030,4,4.5,1,charectorss64_15.jpg
4428,5,5.0,2,charectorss64_16.jpg
4403,4,4.5,1,charectorss64_17.jpg
4167,4,5.5,2,charectorss64_18.jpg
2504,3,3.0,1,charectorss64_19.jpg
1920,4,2.0,1,charectorss64_20.jpg
2034,3,2.0,1,charectorss64_21.jpg
6045,5,5.5,2,charectorss64_22.jpg
3601,3,2.5,1,charectorss64_23.jpg
3718,4,5.0,1,charectorss64_24.jpg
5653,5,5.2,2,charectorss64_25.jpg
4730,4,4.5,2,charectorss64_26.jpg
3163,4,3.5,1,charectorss64_27.jpg
3585,5,4.0,2,charectorss64_28.jpg
3790,4,4.5,1,charectorss64_29.jpg
1920,4,2.0,1,charectorss64_30.jpg
4356,4,4.5,2,charectorss65_1.jpg
3458,4,4.5,3,charectorss65_2.jpg
1679,2,2.0,1,charectorss65_3.jpg
3595,3,4.5,3,charectorss65_4.jpg
2373,4,2.5,1,charectorss65_5.jpg
2235,3,2.5,1,charectorss65_6.jpg
1200,2,2.0,1,charectorss65_7.jpg
1509,3,2.0,2,charectorss65_8.jpg
926,2,2.0,1,charectorss65_9.jpg
1576,3,2.0,2,charectorss65_10.jpg
3374,3,3.5,2,charectorss65_11.jpg
800,2,1.0,1,charectorss65_12.jpg
2287,3,3.0,2,charectorss65_13.jpg
1105,2,2.0,1,charectorss65_14.jpg
1642,3,2.5,1,charectorss65_15.jpg
3638,3,3.5,1,charectorss65_16.jpg
1979,3,2.5,1,charectorss65_17.jpg
3105,4,3.0,2,charectorss65_18.jpg
618,1,1.0,2,charectorss65_19.jpg
1600,3,2.0,1,charectorss65_20.jpg
3224,6,4.5,2,charectorss65_21.jpg
1872,3,2.0,1,charectorss65_22.jpg
1913,3,2.0,1,charectorss65_23.jpg
1731,3,2.0,1,charectorss65_24.jpg
1131,3,2.0,1,charectorss65_25.jpg
860,2,2.0,1,charectorss65_26.jpg
3083,3,3.5,1,charectorss65_27.jpg
1953,2,2.5,2,charectorss65_28.jpg
985,2,2.0,2,charectorss65_29.jpg
2557,3,2.5,1,charectorss65_30.jpg
1922,3,2.0,1,charectorss66_1.jpg
1432,2,2.0,1,charectorss66_2.jpg
2476,3,3.5,1,charectorss66_3.jpg
3334,4,3.5,2,charectorss66_4.jpg
1525,3,2.0,1,charectorss66_5.jpg
2206,3,2.5,1,charectorss66_6.jpg
2557,3,2.5,1,charectorss66_7.jpg
6001,5,6.5,2,charectorss66_8.jpg
3742,4,4.0,2,charectorss66_9.jpg
4750,4,4.5,2,charectorss66_10.jpg
3345,3,3.5,2,charectorss66_11.jpg
10281,7,7.5,2,charectorss66_12.jpg
2175,3,2.5,1,charectorss66_13.jpg
4545,5,4.0,1,charectorss66_14.jpg
1927,3,3.0,2,charectorss66_15.jpg
2175,4,2.5,2,charectorss66_16.jpg
3738,4,4.5,2,charectorss66_17.jpg
3601,3,2.5,1,charectorss66_18.jpg
2764,3,3.0,1,charectorss66_19.jpg
4215,4,4.0,1,charectorss66_20.jpg
3219,3,3.0,2,charectorss66_21.jpg
2265,2,2.5,1,charectorss66_22.jpg
5195,5,4.5,2,charectorss66_23.jpg
1621,3,2.0,1,charectorss66_24.jpg
3665,3,3.5,1,charectorss66_25.jpg
8077,4,4.0,1,charectorss66_26.jpg
3982,5,4.5,2,charectorss66_27.jpg
2690,4,3.0,1,charectorss66_28.jpg
2779,4,3.5,2,charectorss66_29.jpg
2232,3,3.0,1,charectorss66_30.jpg
1652,3,2.0,1,charectorss67_1.jpg
2486,3,2.5,1,charectorss67_2.jpg
2220,3,2.0,1,charectorss67_3.jpg
3776,3,3.5,1,charectorss67_4.jpg
2400,3,3.5,1,charectorss67_5.jpg
2030,3,2.0,1,charectorss67_6.jpg
2303,3,2.5,1,charectorss67_7.jpg
1843,4,2.0,1,charectorss67_8.jpg
1879,3,2.0,1,charectorss67_9.jpg
928,2,2.0,1,charectorss67_10.jpg
988,2,2.0,1,charectorss67_11.jpg
1800,3,2.0,1,charectorss67_12.jpg
2373,4,2.5,1,charectorss67_13.jpg
1698,3,2.5,1,charectorss67_14.jpg
1260,2,2.0,1,charectorss67_15.jpg
1611,3,2.0,1,charectorss67_16.jpg
2235,3,2.5,1,charectorss67_17.jpg
926,2,2.0,1,charectorss67_18.jpg
1650,3,2.5,1,charectorss67_19.jpg
2686,4,2.5,1,charectorss67_20.jpg
2454,3,2.5,1,charectorss67_21.jpg
1232,2,2.0,1,charectorss67_22.jpg
768,1,1.0,1,charectorss67_23.jpg
924,2,1.0,1,charectorss67_24.jpg
1064,2,2.0,1,charectorss67_25.jpg
2030,3,2.0,1,charectorss67_26.jpg
1232,2,2.0,1,charectorss67_27.jpg
1416,3,2.0,1,charectorss67_28.jpg
1258,3,2.0,1,charectorss67_29.jpg
1880,4,2.5,1,charectorss67_30.jpg
890,2,1.0,1,charectorss68_1.jpg
2085,3,2.5,1,charectorss68_2.jpg
2588,3,2.5,1,charectorss68_3.jpg
2352,4,3.0,1,charectorss68_4.jpg
981,2,2.0,1,charectorss68_5.jpg
2000,3,2.5,1,charectorss68_6.jpg
1611,3,2.0,1,charectorss68_7.jpg
2290,3,2.5,1,charectorss68_8.jpg
1398,3,2.0,1,charectorss68_9.jpg
3086,4,3.5,1,charectorss68_10.jpg
1521,3,2.0,1,charectorss68_11.jpg
1035,3,2.0,1,charectorss68_12.jpg
1311,3,2.0,1,charectorss68_13.jpg
2526,3,2.5,2,charectorss68_14.jpg
3507,4,3.0,1,charectorss68_15.jpg
1800,3,2.0,1,charectorss68_16.jpg
1200,2,2.0,1,charectorss68_17.jpg
4298,4,4.5,2,charectorss68_18.jpg
1773,4,3.5,2,charectorss68_19.jpg
1005,2,1.5,2,charectorss68_20.jpg
1311,3,2.0,1,charectorss68_21.jpg
2063,4,2.5,1,charectorss68_22.jpg
1257,2,2.0,1,charectorss68_23.jpg
1738,3,2.5,2,charectorss68_24.jpg
2395,3,2.5,1,charectorss68_25.jpg
2789,4,3.5,1,charectorss68_26.jpg
2832,4,3.0,1,charectorss68_27.jpg
2010,4,3.0,2,charectorss68_28.jpg
2705,5,3.5,1,charectorss68_29.jpg
2781,3,2.5,1,charectorss68_30.jpg
2015,3,2.5,1,charectorss69_1.jpg
3599,4,4.5,1,charectorss69_2.jpg
3838,4,3.5,1,charectorss69_3.jpg
3366,4,3.5,1,charectorss69_4.jpg
1263,3,2.0,1,charectorss69_5.jpg
6079,5,6.0,2,charectorss69_6.jpg
4030,4,4.5,1,charectorss69_7.jpg
2034,3,2.0,1,charectorss69_8.jpg
3718,4,5.0,1,charectorss69_9.jpg
1276,3,2.0,1,charectorss69_10.jpg
1980,2,2.0,1,charectorss69_11.jpg
1868,3,2.5,1,charectorss69_12.jpg
1791,3,2.0,1,charectorss69_13.jpg
398,1,1.0,1,charectorss69_14.jpg
3790,4,4.5,1,charectorss69_15.jpg
1920,4,2.0,1,charectorss69_16.jpg
7174,8,6.5,2,charectorss69_17.jpg
2093,4,2.5,1,charectorss69_18.jpg
1879,3,2.0,2,charectorss69_19.jpg
2431,3,3.0,1,charectorss69_20.jpg
2780,3,3.0,1,charectorss69_21.jpg
2150,4,3.0,1,charectorss69_22.jpg
504,0,1.0,1,charectorss69_23.jpg
346,0,1.0,1,charectorss69_24.jpg
1161,2,2.0,1,charectorss69_25.jpg
1299,4,2.0,1,charectorss69_26.jpg
910,2,2.0,1,charectorss69_27.jpg
1650,4,2.0,1,charectorss69_28.jpg
1984,4,3.0,1,charectorss69_29.jpg
2367,4,3.0,1,charectorss69_30.jpg
2257,4,2.5,2,charectorss70_1.jpg
2085,3,2.5,1,charectorss70_2.jpg
2743,4,4.5,2,charectorss70_3.jpg
2588,3,2.5,1,charectorss70_4.jpg
2510,3,2.5,1,charectorss70_5.jpg
960,2,1.0,1,charectorss70_6.jpg
1285,2,2.0,1,charectorss70_7.jpg
2352,4,3.0,1,charectorss70_8.jpg
2039,3,2.0,1,charectorss70_9.jpg
2303,3,2.5,1,charectorss70_10.jpg
612,1,1.0,1,charectorss70_11.jpg
2400,4,3.5,1,charectorss70_12.jpg
2390,4,3.0,1,charectorss70_13.jpg
1448,2,2.0,1,charectorss70_14.jpg
2428,3,2.5,1,charectorss70_15.jpg
2235,4,3.0,2,charectorss70_16.jpg
1611,3,2.0,1,charectorss70_17.jpg
3952,4,4.0,2,charectorss70_18.jpg
1650,3,2.5,1,charectorss70_19.jpg
1599,3,2.5,1,charectorss70_20.jpg
1493,3,2.0,1,charectorss70_21.jpg
2686,4,2.5,1,charectorss70_22.jpg
2496,6,4.0,1,charectorss70_23.jpg
2084,3,2.5,2,charectorss70_24.jpg
1064,2,2.0,1,charectorss70_25.jpg
3152,5,3.5,1,charectorss70_26.jpg
1459,3,2.0,1,charectorss70_27.jpg
1956,3,2.5,1,charectorss70_28.jpg
525,1,1.0,2,charectorss70_29.jpg
1416,3,2.0,1,charectorss70_30.jpg
3498,4,3.5,2,charectorss71_1.jpg
1285,2,2.0,1,charectorss71_2.jpg
300,1,1.0,1,charectorss71_3.jpg
4754,4,3.5,2,charectorss71_4.jpg
3336,4,3.0,1,charectorss71_5.jpg
2365,4,3.0,2,charectorss71_6.jpg
3698,3,3.5,2,charectorss71_7.jpg
2250,3,2.5,2,charectorss71_8.jpg
757,2,1.0,1,charectorss71_9.jpg
1733,2,2.0,1,charectorss71_10.jpg
2485,4,3.0,1,charectorss71_11.jpg
2821,3,2.5,1,charectorss71_12.jpg
7632,5,6.5,2,charectorss71_13.jpg
3539,4,3.5,2,charectorss71_14.jpg
2454,4,3.0,2,charectorss71_15.jpg
2545,4,3.0,1,charectorss71_16.jpg
2168,3,2.0,1,charectorss71_17.jpg
3747,4,3.5,2,charectorss71_18.jpg
922,3,1.0,2,charectorss71_19.jpg
3213,4,3.5,2,charectorss71_20.jpg
2959,4,3.0,1,charectorss71_21.jpg
3708,3,2.0,1,charectorss71_22.jpg
960,1,1.0,1,charectorss71_23.jpg
3602,5,4.0,2,charectorss71_24.jpg
9772,6,7.5,2,charectorss71_25.jpg
2526,4,3.0,1,charectorss71_26.jpg
3134,4,3.0,2,charectorss71_27.jpg
3210,4,3.0,2,charectorss71_28.jpg
4934,4,4.0,2,charectorss71_29.jpg
2552,4,3.5,2,charectorss71_30.jpg
3574,4,4.5,2,charectorss72_1.jpg
4826,5,6.0,2,charectorss72_2.jpg
4898,5,5.5,3,charectorss72_3.jpg
2772,4,3.5,2,charectorss72_4.jpg
11000,5,5.0,3,charectorss72_5.jpg
2518,4,3.0,2,charectorss72_6.jpg
1677,3,2.0,1,charectorss72_7.jpg
2056,4,2.5,3,charectorss72_8.jpg
3131,4,3.5,2,charectorss72_9.jpg
1953,3,2.5,2,charectorss72_10.jpg
1936,3,2.5,2,charectorss72_11.jpg
1516,3,2.0,1,charectorss72_12.jpg
4038,4,3.5,2,charectorss72_13.jpg
2265,4,3.5,2,charectorss72_14.jpg
1159,3,1.0,1,charectorss72_15.jpg
2071,3,2.5,2,charectorss72_16.jpg
2632,4,2.5,2,charectorss72_17.jpg
1924,3,2.5,2,charectorss72_18.jpg
2340,3,2.5,2,charectorss72_19.jpg
2448,4,2.5,2,charectorss72_20.jpg
1737,4,3.0,2,charectorss72_21.jpg
2898,4,3.0,2,charectorss72_22.jpg
1991,3,2.5,1,charectorss72_23.jpg
1197,3,2.5,2,charectorss72_24.jpg
840,1,1.0,1,charectorss72_25.jpg
1653,3,1.5,2,charectorss72_26.jpg
1558,3,2.5,2,charectorss72_27.jpg
3435,4,4.5,2,charectorss72_28.jpg
2406,3,3.0,2,charectorss72_29.jpg
2224,4,3.0,2,charectorss72_30.jpg
2578,4,3.5,1,charectorss73_1.jpg
784,1,1.0,1,charectorss73_2.jpg
2085,3,2.5,1,charectorss73_3.jpg
1742,3,2.5,1,charectorss73_4.jpg
2486,3,2.5,1,charectorss73_5.jpg
2743,4,4.5,2,charectorss73_6.jpg
2588,3,2.5,1,charectorss73_7.jpg
2220,3,2.0,1,charectorss73_8.jpg
2510,3,2.5,1,charectorss73_9.jpg
960,2,1.0,1,charectorss73_10.jpg
2358,3,2.5,1,charectorss73_11.jpg
2352,4,3.0,1,charectorss73_12.jpg
2765,3,2.5,2,charectorss73_13.jpg
2039,3,2.0,1,charectorss73_14.jpg
2400,3,3.5,1,charectorss73_15.jpg
2030,3,2.0,1,charectorss73_16.jpg
2303,3,2.5,1,charectorss73_17.jpg
612,1,1.0,1,charectorss73_18.jpg
2400,4,3.5,1,charectorss73_19.jpg
1817,3,2.0,1,charectorss73_20.jpg
1924,3,2.5,1,charectorss73_21.jpg
2326,4,2.5,1,charectorss73_22.jpg
3127,4,3.5,1,charectorss73_23.jpg
1843,4,2.0,1,charectorss73_24.jpg
1486,3,2.0,1,charectorss73_25.jpg
928,2,2.0,1,charectorss73_26.jpg
988,2,2.0,1,charectorss73_27.jpg
988,2,2.0,1,charectorss73_28.jpg
1800,3,2.0,1,charectorss73_29.jpg
2373,4,2.5,1,charectorss73_30.jpg
3041,3,2.5,2,charectorss74_1.jpg
784,1,1.0,1,charectorss74_2.jpg
2486,3,2.5,1,charectorss74_3.jpg
2220,3,2.0,1,charectorss74_4.jpg
3776,3,3.5,1,charectorss74_5.jpg
2765,3,2.5,2,charectorss74_6.jpg
2039,3,2.0,1,charectorss74_7.jpg
2400,3,3.5,1,charectorss74_8.jpg
2030,3,2.0,1,charectorss74_9.jpg
612,1,1.0,1,charectorss74_10.jpg
1800,3,2.0,1,charectorss74_11.jpg
2000,3,2.5,1,charectorss74_12.jpg
2235,4,3.0,2,charectorss74_13.jpg
1260,2,2.0,1,charectorss74_14.jpg
2016,3,2.5,1,charectorss74_15.jpg
3374,3,3.5,2,charectorss74_16.jpg
2084,3,2.5,2,charectorss74_17.jpg
924,2,1.0,1,charectorss74_18.jpg
525,1,1.0,2,charectorss74_19.jpg
2765,3,2.5,2,charectorss74_20.jpg
3399,3,3.0,2,charectorss74_21.jpg
1800,3,3.0,1,charectorss74_22.jpg
1596,3,2.0,1,charectorss74_23.jpg
1639,3,2.0,1,charectorss74_24.jpg
2693,3,2.5,2,charectorss74_25.jpg
2250,3,2.5,2,charectorss74_26.jpg
2168,3,2.5,1,charectorss74_27.jpg
2311,3,2.5,2,charectorss74_28.jpg
896,2,1.0,1,charectorss74_29.jpg
2000,4,3.0,1,charectorss74_30.jpg
2431,3,2.5,1,charectorss75_1.jpg
1742,3,2.5,1,charectorss75_2.jpg
2588,3,2.5,1,charectorss75_3.jpg
2220,3,2.0,1,charectorss75_4.jpg
2358,3,2.5,1,charectorss75_5.jpg
2352,4,3.0,1,charectorss75_6.jpg
2030,3,2.0,1,charectorss75_7.jpg
2400,4,3.5,1,charectorss75_8.jpg
1817,3,2.0,1,charectorss75_9.jpg
1924,3,2.5,1,charectorss75_10.jpg
1486,3,2.0,1,charectorss75_11.jpg
928,2,2.0,1,charectorss75_12.jpg
988,2,2.0,1,charectorss75_13.jpg
988,2,2.0,1,charectorss75_14.jpg
1800,3,2.0,1,charectorss75_15.jpg
2373,4,2.5,1,charectorss75_16.jpg
2390,4,3.0,1,charectorss75_17.jpg
1254,2,2.0,1,charectorss75_18.jpg
1448,2,2.0,1,charectorss75_19.jpg
981,2,2.0,1,charectorss75_20.jpg
1260,2,2.0,1,charectorss75_21.jpg
1611,3,2.0,1,charectorss75_22.jpg
1599,3,2.5,1,charectorss75_23.jpg
1493,3,2.0,1,charectorss75_24.jpg
2016,3,2.5,1,charectorss75_25.jpg
2686,4,2.5,1,charectorss75_26.jpg
2496,6,4.0,1,charectorss75_27.jpg
2290,3,2.5,1,charectorss75_28.jpg
1398,3,2.0,1,charectorss75_29.jpg
2454,3,2.5,1,charectorss75_30.jpg
1131,3,2.0,1,charectorss76_1.jpg
2373,4,2.5,1,charectorss76_2.jpg
2235,3,2.5,1,charectorss76_3.jpg
1200,2,2.0,1,charectorss76_4.jpg
800,2,1.0,1,charectorss76_5.jpg
3638,3,3.5,1,charectorss76_6.jpg
1872,3,2.0,1,charectorss76_7.jpg
1731,3,2.0,1,charectorss76_8.jpg
860,2,2.0,1,charectorss76_9.jpg
1639,3,2.0,1,charectorss76_10.jpg
3083,3,3.5,1,charectorss76_11.jpg
2557,3,2.5,1,charectorss76_12.jpg
2448,4,3.0,1,charectorss76_13.jpg
1800,3,2.0,1,charectorss76_14.jpg
640,1,1.0,1,charectorss76_15.jpg
287,1,1.0,1,charectorss76_16.jpg
2684,3,3.0,1,charectorss76_17.jpg
312,1,1.0,1,charectorss76_18.jpg
935,2,1.0,1,charectorss76_19.jpg
2206,3,2.5,1,charectorss76_20.jpg
2557,3,2.5,1,charectorss76_21.jpg
991,2,2.0,1,charectorss76_22.jpg
1323,2,2.0,1,charectorss76_23.jpg
1922,3,2.0,1,charectorss76_24.jpg
640,1,1.0,1,charectorss76_25.jpg
880,2,1.0,1,charectorss76_26.jpg
784,3,1.0,1,charectorss76_27.jpg
870,2,2.0,1,charectorss76_28.jpg
629,2,1.0,1,charectorss76_29.jpg
1508,2,2.0,1,charectorss76_30.jpg
3041,3,2.5,2,charectorss77_1.jpg
784,1,1.0,1,charectorss77_2.jpg
2486,3,2.5,1,charectorss77_3.jpg
2220,3,2.0,1,charectorss77_4.jpg
3776,3,3.5,1,charectorss77_5.jpg
2765,3,2.5,2,charectorss77_6.jpg
2039,3,2.0,1,charectorss77_7.jpg
2400,3,3.5,1,charectorss77_8.jpg
2030,3,2.0,1,charectorss77_9.jpg
612,1,1.0,1,charectorss77_10.jpg
1800,3,2.0,1,charectorss77_11.jpg
2000,3,2.5,1,charectorss77_12.jpg
2235,4,3.0,2,charectorss77_13.jpg
1260,2,2.0,1,charectorss77_14.jpg
2016,3,2.5,1,charectorss77_15.jpg
3374,3,3.5,2,charectorss77_16.jpg
2084,3,2.5,2,charectorss77_17.jpg
924,2,1.0,1,charectorss77_18.jpg
525,1,1.0,2,charectorss77_19.jpg
2765,3,2.5,2,charectorss77_20.jpg
3399,3,3.0,2,charectorss77_21.jpg
1800,3,3.0,1,charectorss77_22.jpg
1596,3,2.0,1,charectorss77_23.jpg
1639,3,2.0,1,charectorss77_24.jpg
2693,3,2.5,2,charectorss77_25.jpg
2250,3,2.5,2,charectorss77_26.jpg
2168,3,2.5,1,charectorss77_27.jpg
2311,3,2.5,2,charectorss77_28.jpg
896,2,1.0,1,charectorss77_29.jpg
2000,4,3.0,1,charectorss77_30.jpg
2894,4,3.5,3,charectorss78_1.jpg
3595,3,4.5,3,charectorss78_2.jpg
1105,2,2.0,1,charectorss78_3.jpg
3105,4,3.0,2,charectorss78_4.jpg
856,2,1.0,1,charectorss78_5.jpg
2810,4,3.0,4,charectorss78_6.jpg
6182,5,5.5,2,charectorss78_7.jpg
1024,1,1.5,1,charectorss78_8.jpg
1011,2,2.0,2,charectorss78_9.jpg
1011,2,2.0,2,charectorss78_10.jpg
4159,4,4.5,2,charectorss78_11.jpg
896,1,1.5,1,charectorss78_12.jpg
576,1,1.0,1,charectorss78_13.jpg
935,2,1.0,1,charectorss78_14.jpg
1267,2,2.0,2,charectorss78_15.jpg
991,2,2.0,1,charectorss78_16.jpg
3310,4,3.5,2,charectorss78_17.jpg
1697,3,2.0,1,charectorss78_18.jpg
799,1,1.5,1,charectorss78_19.jpg
1410,3,2.0,2,charectorss78_20.jpg
2543,4,3.0,2,charectorss78_21.jpg
2483,4,3.0,2,charectorss78_22.jpg
2493,4,4.5,2,charectorss78_23.jpg
2184,3,2.0,2,charectorss78_24.jpg
954,2,1.0,1,charectorss78_25.jpg
2386,4,3.0,1,charectorss78_26.jpg
816,1,1.0,1,charectorss78_27.jpg
1249,3,2.0,2,charectorss78_28.jpg
796,1,1.0,1,charectorss78_29.jpg
1697,3,2.0,2,charectorss78_30.jpg
1879,3,2.0,1,charectorss79_1.jpg
1642,3,2.5,1,charectorss79_2.jpg
1200,3,2.0,1,charectorss79_3.jpg
624,1,1.0,1,charectorss79_4.jpg
2234,3,2.5,1,charectorss79_5.jpg
1473,3,2.0,1,charectorss79_6.jpg
1788,3,2.0,1,charectorss79_7.jpg
2073,3,2.5,1,charectorss79_8.jpg
1374,3,2.0,2,charectorss79_9.jpg
1024,1,1.5,1,charectorss79_10.jpg
1749,3,2.0,1,charectorss79_11.jpg
2988,4,3.0,2,charectorss79_12.jpg
1914,3,2.0,1,charectorss79_13.jpg
691,2,1.0,1,charectorss79_14.jpg
1451,3,2.0,1,charectorss79_15.jpg
1428,3,2.0,1,charectorss79_16.jpg
2296,3,3.0,2,charectorss79_17.jpg
999,2,2.0,1,charectorss79_18.jpg
3797,4,3.5,2,charectorss79_19.jpg
1697,3,2.0,1,charectorss79_20.jpg
788,1,1.0,1,charectorss79_21.jpg
3742,4,4.0,2,charectorss79_22.jpg
1440,2,2.0,1,charectorss79_23.jpg
1947,4,2.5,1,charectorss79_24.jpg
680,1,1.0,2,charectorss79_25.jpg
1657,3,2.0,1,charectorss79_26.jpg
1628,3,2.0,1,charectorss79_27.jpg
2590,3,3.0,2,charectorss79_28.jpg
640,1,1.0,2,charectorss79_29.jpg
930,2,2.0,1,charectorss79_30.jpg
1230,3,2.0,1,charectorss80_1.jpg
1679,2,2.0,1,charectorss80_2.jpg
1200,2,2.0,1,charectorss80_3.jpg
768,1,1.0,1,charectorss80_4.jpg
624,1,1.0,1,charectorss80_5.jpg
384,1,1.0,1,charectorss80_6.jpg
2234,3,2.5,1,charectorss80_7.jpg
2268,3,2.0,1,charectorss80_8.jpg
1479,3,2.0,2,charectorss80_9.jpg
1727,2,2.0,2,charectorss80_10.jpg
1770,3,2.5,2,charectorss80_11.jpg
522,1,1.0,2,charectorss80_12.jpg
1277,3,2.0,1,charectorss80_13.jpg
1966,4,3.0,2,charectorss80_14.jpg
1143,2,1.0,1,charectorss80_15.jpg
900,2,1.0,1,charectorss80_16.jpg
1599,2,2.0,2,charectorss80_17.jpg
1374,3,2.0,2,charectorss80_18.jpg
640,1,1.0,1,charectorss80_19.jpg
761,2,1.0,2,charectorss80_20.jpg
1011,2,2.0,2,charectorss80_21.jpg
2662,3,3.0,2,charectorss80_22.jpg
1011,2,2.0,2,charectorss80_23.jpg
1400,2,2.0,2,charectorss80_24.jpg
896,1,1.5,1,charectorss80_25.jpg
600,1,1.0,1,charectorss80_26.jpg
935,2,1.0,1,charectorss80_27.jpg
1162,2,2.0,1,charectorss80_28.jpg
598,1,1.0,1,charectorss80_29.jpg
480,2,1.0,1,charectorss80_30.jpg
9360,6,6.5,2,charectorss81_1.jpg
2191,3,2.5,1,charectorss81_2.jpg
8210,6,7.5,2,charectorss81_3.jpg
5564,4,5.5,2,charectorss81_4.jpg
10735,5,6.0,2,charectorss81_5.jpg
2523,4,3.0,2,charectorss81_6.jpg
5699,5,7.0,2,charectorss81_7.jpg
2502,4,3.5,2,charectorss81_8.jpg
2551,4,3.5,2,charectorss81_9.jpg
3265,4,3.5,3,charectorss81_10.jpg
1640,3,2.0,1,charectorss81_11.jpg
4327,4,3.5,2,charectorss81_12.jpg
3136,4,3.5,1,charectorss81_13.jpg
1895,4,2.5,2,charectorss81_14.jpg
768,2,1.0,1,charectorss81_15.jpg
2898,4,3.0,2,charectorss81_16.jpg
1990,3,2.0,1,charectorss81_17.jpg
643,1,2.0,2,charectorss81_18.jpg
4417,4,4.5,2,charectorss81_19.jpg
4969,3,3.5,2,charectorss81_20.jpg
3618,4,4.0,2,charectorss81_21.jpg
1172,2,2.0,1,charectorss81_22.jpg
3270,4,3.5,2,charectorss81_23.jpg
1649,3,2.5,1,charectorss81_24.jpg
2099,5,2.5,2,charectorss81_25.jpg
2141,4,2.5,2,charectorss81_26.jpg
2379,3,2.5,1,charectorss81_27.jpg
1320,3,2.0,1,charectorss81_28.jpg
1486,3,2.5,2,charectorss81_29.jpg
3869,4,3.5,2,charectorss81_30.jpg
2510,3,2.5,1,charectorss82_1.jpg
4298,4,4.5,2,charectorss82_2.jpg
741,1,1.0,2,charectorss82_3.jpg
11000,5,5.0,3,charectorss82_4.jpg
9360,6,6.5,2,charectorss82_5.jpg
3206,6,3.0,2,charectorss82_6.jpg
4903,4,5.0,2,charectorss82_7.jpg
880,1,2.0,2,charectorss82_8.jpg
5739,5,5.5,1,charectorss82_9.jpg
2631,4,3.0,2,charectorss82_10.jpg
5564,4,5.5,2,charectorss82_11.jpg
2566,4,3.0,2,charectorss82_12.jpg
4724,5,4.5,2,charectorss82_13.jpg
1872,3,3.0,2,charectorss82_14.jpg
10735,5,6.0,2,charectorss82_15.jpg
4943,4,4.5,2,charectorss82_16.jpg
2400,3,2.5,2,charectorss82_17.jpg
3414,3,3.5,2,charectorss82_18.jpg
2148,4,2.5,2,charectorss82_19.jpg
3359,4,3.5,2,charectorss82_20.jpg
2557,3,3.5,2,charectorss82_21.jpg
3664,4,4.0,2,charectorss82_22.jpg
1640,3,2.0,1,charectorss82_23.jpg
1476,3,2.0,1,charectorss82_24.jpg
2400,4,3.5,2,charectorss82_25.jpg
1775,3,2.5,2,charectorss82_26.jpg
909,1,1.5,2,charectorss82_27.jpg
1730,4,2.5,2,charectorss82_28.jpg
1385,3,2.0,1,charectorss82_29.jpg
2825,4,3.5,2,charectorss82_30.jpg
3345,3,3.5,2,charectorss83_1.jpg
3458,4,4.5,3,charectorss83_2.jpg
3776,3,3.5,1,charectorss83_3.jpg
1679,2,2.0,1,charectorss83_4.jpg
3595,3,4.5,3,charectorss83_5.jpg
2235,3,2.5,1,charectorss83_6.jpg
1200,2,2.0,1,charectorss83_7.jpg
1509,3,2.0,2,charectorss83_8.jpg
926,2,2.0,1,charectorss83_9.jpg
1576,3,2.0,2,charectorss83_10.jpg
3374,3,3.5,2,charectorss83_11.jpg
2287,3,3.0,2,charectorss83_12.jpg
1105,2,2.0,1,charectorss83_13.jpg
2827,3,3.0,2,charectorss83_14.jpg
3164,4,2.5,2,charectorss83_15.jpg
3638,3,3.5,1,charectorss83_16.jpg
3105,4,3.0,2,charectorss83_17.jpg
1212,2,1.0,1,charectorss83_18.jpg
3224,6,4.5,2,charectorss83_19.jpg
2358,3,2.5,1,charectorss83_20.jpg
1913,3,2.0,1,charectorss83_21.jpg
1731,3,2.0,1,charectorss83_22.jpg
1131,3,2.0,1,charectorss83_23.jpg
1639,3,2.0,1,charectorss83_24.jpg
3083,3,3.5,1,charectorss83_25.jpg
2250,3,2.5,2,charectorss83_26.jpg
985,2,2.0,2,charectorss83_27.jpg
2268,3,2.0,1,charectorss83_28.jpg
1552,3,2.0,1,charectorss83_29.jpg
1373,3,2.0,1,charectorss83_30.jpg
1616,2,2.0,2,charectorss84_1.jpg
1742,3,2.5,1,charectorss84_2.jpg
2743,4,4.5,2,charectorss84_3.jpg
2510,3,2.5,1,charectorss84_4.jpg
1285,2,2.0,1,charectorss84_5.jpg
1486,3,2.0,1,charectorss84_6.jpg
928,2,2.0,1,charectorss84_7.jpg
988,2,2.0,1,charectorss84_8.jpg
1254,2,2.0,1,charectorss84_9.jpg
926,2,2.0,1,charectorss84_10.jpg
2016,3,2.5,1,charectorss84_11.jpg
800,2,1.0,1,charectorss84_12.jpg
1500,3,2.0,1,charectorss84_13.jpg
1300,3,2.0,1,charectorss84_14.jpg
1425,3,2.0,1,charectorss84_15.jpg
1764,4,2.0,1,charectorss84_16.jpg
1212,2,1.0,1,charectorss84_17.jpg
618,1,1.0,2,charectorss84_18.jpg
4658,6,4.5,2,charectorss84_19.jpg
2526,3,2.5,2,charectorss84_20.jpg
1200,3,2.0,1,charectorss84_21.jpg
1732,4,2.5,1,charectorss84_22.jpg
856,2,1.0,1,charectorss84_23.jpg
624,1,1.0,1,charectorss84_24.jpg
1257,2,2.0,1,charectorss84_25.jpg
736,2,1.0,1,charectorss84_26.jpg
872,1,1.5,1,charectorss84_27.jpg
1450,3,2.0,1,charectorss84_28.jpg
1302,3,2.0,2,charectorss84_29.jpg
1738,3,2.5,2,charectorss84_30.jpg
1908,3,2.5,2,charectorss85_1.jpg
784,1,1.0,1,charectorss85_2.jpg
2085,3,2.5,1,charectorss85_3.jpg
1742,3,2.5,1,charectorss85_4.jpg
2486,3,2.5,1,charectorss85_5.jpg
2743,4,4.5,2,charectorss85_6.jpg
2220,3,2.0,1,charectorss85_7.jpg
1769,3,2.0,1,charectorss85_8.jpg
3776,3,3.5,1,charectorss85_9.jpg
2358,3,2.5,1,charectorss85_10.jpg
2765,3,2.5,2,charectorss85_11.jpg
2400,3,3.5,1,charectorss85_12.jpg
1679,2,2.0,1,charectorss85_13.jpg
612,1,1.0,1,charectorss85_14.jpg
2400,4,3.5,1,charectorss85_15.jpg
1924,3,2.5,1,charectorss85_16.jpg
2326,4,2.5,1,charectorss85_17.jpg
3127,4,3.5,1,charectorss85_18.jpg
1843,4,2.0,1,charectorss85_19.jpg
988,2,2.0,1,charectorss85_20.jpg
1800,3,2.0,1,charectorss85_21.jpg
2390,4,3.0,1,charectorss85_22.jpg
1254,2,2.0,1,charectorss85_23.jpg
1448,2,2.0,1,charectorss85_24.jpg
2428,3,2.5,1,charectorss85_25.jpg
981,2,2.0,1,charectorss85_26.jpg
2000,3,2.5,1,charectorss85_27.jpg
2235,4,3.0,2,charectorss85_28.jpg
1260,2,2.0,1,charectorss85_29.jpg
1611,3,2.0,1,charectorss85_30.jpg
3458,4,4.5,3,charectorss86_1.jpg
960,2,1.0,1,charectorss86_2.jpg
1769,3,2.0,1,charectorss86_3.jpg
2358,3,2.5,1,charectorss86_4.jpg
2765,3,2.5,2,charectorss86_5.jpg
2039,3,2.0,1,charectorss86_6.jpg
2030,3,2.0,1,charectorss86_7.jpg
2303,3,2.5,1,charectorss86_8.jpg
2400,4,3.5,1,charectorss86_9.jpg
1817,3,2.0,1,charectorss86_10.jpg
1843,4,2.0,1,charectorss86_11.jpg
1421,3,2.0,1,charectorss86_12.jpg
1879,3,2.0,1,charectorss86_13.jpg
928,2,2.0,1,charectorss86_14.jpg
988,2,2.0,1,charectorss86_15.jpg
988,2,2.0,1,charectorss86_16.jpg
1254,2,2.0,1,charectorss86_17.jpg
2428,3,2.5,1,charectorss86_18.jpg
1698,3,2.5,1,charectorss86_19.jpg
981,2,2.0,1,charectorss86_20.jpg
2016,3,2.5,1,charectorss86_21.jpg
1232,2,2.0,1,charectorss86_22.jpg
1956,3,2.5,1,charectorss86_23.jpg
2030,3,2.0,1,charectorss86_24.jpg
2230,3,2.5,1,charectorss86_25.jpg
1897,4,2.0,1,charectorss86_26.jpg
1232,2,2.0,1,charectorss86_27.jpg
1258,3,2.0,1,charectorss86_28.jpg
2765,3,2.5,2,charectorss86_29.jpg
1425,3,2.0,1,charectorss86_30.jpg
3359,3,4.0,2,charectorss87_1.jpg
5051,4,4.5,2,charectorss87_2.jpg
1285,2,2.0,1,charectorss87_3.jpg
3595,3,4.5,3,charectorss87_4.jpg
3127,4,3.5,1,charectorss87_5.jpg
2373,4,2.5,1,charectorss87_6.jpg
2578,4,3.0,1,charectorss87_7.jpg
1884,3,2.0,1,charectorss87_8.jpg
1800,3,2.5,1,charectorss87_9.jpg
1356,3,2.5,2,charectorss87_10.jpg
3692,5,5.0,2,charectorss87_11.jpg
3647,3,3.5,2,charectorss87_12.jpg
3214,3,3.5,1,charectorss87_13.jpg
3048,4,4.0,1,charectorss87_14.jpg
2789,4,3.5,1,charectorss87_15.jpg
3122,3,3.5,1,charectorss87_16.jpg
3340,4,4.5,1,charectorss87_17.jpg
1798,4,2.0,1,charectorss87_18.jpg
3176,4,3.5,1,charectorss87_19.jpg
300,1,1.0,1,charectorss87_20.jpg
11672,6,7.5,3,charectorss87_21.jpg
6860,4,5.0,2,charectorss87_22.jpg
2469,4,3.0,2,charectorss87_23.jpg
4754,4,3.5,2,charectorss87_24.jpg
1162,2,2.0,1,charectorss87_25.jpg
6554,4,4.5,1,charectorss87_26.jpg
3310,4,3.5,2,charectorss87_27.jpg
3487,4,2.5,2,charectorss87_28.jpg
3704,4,4.5,1,charectorss87_29.jpg
5739,5,5.5,1,charectorss87_30.jpg
2578,4,3.5,1,charectorss88_1.jpg
784,1,1.0,1,charectorss88_2.jpg
2085,3,2.5,1,charectorss88_3.jpg
1742,3,2.5,1,charectorss88_4.jpg
2486,3,2.5,1,charectorss88_5.jpg
2743,4,4.5,2,charectorss88_6.jpg
2588,3,2.5,1,charectorss88_7.jpg
2220,3,2.0,1,charectorss88_8.jpg
2510,3,2.5,1,charectorss88_9.jpg
960,2,1.0,1,charectorss88_10.jpg
2358,3,2.5,1,charectorss88_11.jpg
2352,4,3.0,1,charectorss88_12.jpg
2765,3,2.5,2,charectorss88_13.jpg
2039,3,2.0,1,charectorss88_14.jpg
2400,3,3.5,1,charectorss88_15.jpg
2030,3,2.0,1,charectorss88_16.jpg
2303,3,2.5,1,charectorss88_17.jpg
612,1,1.0,1,charectorss88_18.jpg
2400,4,3.5,1,charectorss88_19.jpg
1817,3,2.0,1,charectorss88_20.jpg
1924,3,2.5,1,charectorss88_21.jpg
2326,4,2.5,1,charectorss88_22.jpg
3127,4,3.5,1,charectorss88_23.jpg
1843,4,2.0,1,charectorss88_24.jpg
1486,3,2.0,1,charectorss88_25.jpg
928,2,2.0,1,charectorss88_26.jpg
988,2,2.0,1,charectorss88_27.jpg
988,2,2.0,1,charectorss88_28.jpg
1800,3,2.0,1,charectorss88_29.jpg
2373,4,2.5,1,charectorss88_30.jpg
2328,3,2.0,2,charectorss89_1.jpg
1285,2,2.0,3,charectorss89_2.jpg
950,1,1.0,2,charectorss89_3.jpg
5140,5,4.5,2,charectorss89_4.jpg
1338,2,2.0,2,charectorss89_5.jpg
360,1,1.0,1,charectorss89_6.jpg
3725,6,3.0,2,charectorss89_7.jpg
1509,2,2.0,2,charectorss89_8.jpg
4310,5,5.0,2,charectorss89_9.jpg
3670,6,5.0,2,charectorss89_10.jpg
4565,4,3.5,2,charectorss89_11.jpg
3725,4,3.0,2,charectorss89_12.jpg
2513,3,2.5,2,charectorss89_13.jpg
2281,3,2.5,2,charectorss89_14.jpg
1390,2,2.0,1,charectorss89_15.jpg
1568,2,2.5,2,charectorss89_16.jpg
1362,2,2.0,2,charectorss89_17.jpg
1427,2,2.0,2,charectorss89_18.jpg
3867,5,4.0,3,charectorss89_19.jpg
1601,3,2.0,2,charectorss89_20.jpg
2319,3,2.5,2,charectorss89_21.jpg
1512,3,2.0,1,charectorss89_22.jpg
2688,3,4.0,1,charectorss89_23.jpg
2053,2,2.0,2,charectorss89_24.jpg
1785,3,3.0,2,charectorss89_25.jpg
1040,1,1.0,2,charectorss89_26.jpg
2576,2,2.0,2,charectorss89_27.jpg
2057,3,3.0,2,charectorss89_28.jpg
1469,1,1.0,2,charectorss89_29.jpg
1485,3,3.0,2,charectorss89_30.jpg
4923,4,3.5,2,charectorss90_1.jpg
2191,3,2.5,1,charectorss90_2.jpg
3599,4,4.5,1,charectorss90_3.jpg
8364,6,6.0,3,charectorss90_4.jpg
6136,5,5.5,2,charectorss90_5.jpg
7395,6,7.5,2,charectorss90_6.jpg
3031,4,5.0,2,charectorss90_7.jpg
11672,6,7.5,3,charectorss90_8.jpg
6860,4,5.0,2,charectorss90_9.jpg
8001,5,5.5,2,charectorss90_10.jpg
2684,3,3.0,1,charectorss90_11.jpg
6079,5,6.0,2,charectorss90_12.jpg
6001,5,6.5,2,charectorss90_13.jpg
6554,4,4.5,1,charectorss90_14.jpg
4030,4,4.5,1,charectorss90_15.jpg
4428,5,5.0,2,charectorss90_16.jpg
4403,4,4.5,1,charectorss90_17.jpg
4167,4,5.5,2,charectorss90_18.jpg
2504,3,3.0,1,charectorss90_19.jpg
1920,4,2.0,1,charectorss90_20.jpg
2034,3,2.0,1,charectorss90_21.jpg
6045,5,5.5,2,charectorss90_22.jpg
3601,3,2.5,1,charectorss90_23.jpg
3718,4,5.0,1,charectorss90_24.jpg
5653,5,5.2,2,charectorss90_25.jpg
4730,4,4.5,2,charectorss90_26.jpg
3163,4,3.5,1,charectorss90_27.jpg
3585,5,4.0,2,charectorss90_28.jpg
3790,4,4.5,1,charectorss90_29.jpg
1920,4,2.0,1,charectorss90_30.jpg
4356,4,4.5,2,charectorss91_1.jpg
3458,4,4.5,3,charectorss91_2.jpg
1679,2,2.0,1,charectorss91_3.jpg
3595,3,4.5,3,charectorss91_4.jpg
2373,4,2.5,1,charectorss91_5.jpg
2235,3,2.5,1,charectorss91_6.jpg
1200,2,2.0,1,charectorss91_7.jpg
1509,3,2.0,2,charectorss91_8.jpg
926,2,2.0,1,charectorss91_9.jpg
1576,3,2.0,2,charectorss91_10.jpg
3374,3,3.5,2,charectorss91_11.jpg
800,2,1.0,1,charectorss91_12.jpg
2287,3,3.0,2,charectorss91_13.jpg
1105,2,2.0,1,charectorss91_14.jpg
1642,3,2.5,1,charectorss91_15.jpg
3638,3,3.5,1,charectorss91_16.jpg
1979,3,2.5,1,charectorss91_17.jpg
3105,4,3.0,2,charectorss91_18.jpg
618,1,1.0,2,charectorss91_19.jpg
1600,3,2.0,1,charectorss91_20.jpg
3224,6,4.5,2,charectorss91_21.jpg
1872,3,2.0,1,charectorss91_22.jpg
1913,3,2.0,1,charectorss91_23.jpg
1731,3,2.0,1,charectorss91_24.jpg
1131,3,2.0,1,charectorss91_25.jpg
860,2,2.0,1,charectorss91_26.jpg
3083,3,3.5,1,charectorss91_27.jpg
1953,2,2.5,2,charectorss91_28.jpg
985,2,2.0,2,charectorss91_29.jpg
2557,3,2.5,1,charectorss91_30.jpg
1922,3,2.0,1,charectorss92_1.jpg
1432,2,2.0,1,charectorss92_2.jpg
2476,3,3.5,1,charectorss92_3.jpg
3334,4,3.5,2,charectorss92_4.jpg
1525,3,2.0,1,charectorss92_5.jpg
2206,3,2.5,1,charectorss92_6.jpg
2557,3,2.5,1,charectorss92_7.jpg
6001,5,6.5,2,charectorss92_8.jpg
3742,4,4.0,2,charectorss92_9.jpg
4750,4,4.5,2,charectorss92_10.jpg
3345,3,3.5,2,charectorss92_11.jpg
10281,7,7.5,2,charectorss92_12.jpg
2175,3,2.5,1,charectorss92_13.jpg
4545,5,4.0,1,charectorss92_14.jpg
1927,3,3.0,2,charectorss92_15.jpg
2175,4,2.5,2,charectorss92_16.jpg
3738,4,4.5,2,charectorss92_17.jpg
3601,3,2.5,1,charectorss92_18.jpg
2764,3,3.0,1,charectorss92_19.jpg
4215,4,4.0,1,charectorss92_20.jpg
3219,3,3.0,2,charectorss92_21.jpg
2265,2,2.5,1,charectorss92_22.jpg
5195,5,4.5,2,charectorss92_23.jpg
1621,3,2.0,1,charectorss92_24.jpg
3665,3,3.5,1,charectorss92_25.jpg
8077,4,4.0,1,charectorss92_26.jpg
3982,5,4.5,2,charectorss92_27.jpg
2690,4,3.0,1,charectorss92_28.jpg
2779,4,3.5,2,charectorss92_29.jpg
2232,3,3.0,1,charectorss92_30.jpg
1652,3,2.0,1,charectorss93_1.jpg
2486,3,2.5,1,charectorss93_2.jpg
2220,3,2.0,1,charectorss93_3.jpg
3776,3,3.5,1,charectorss93_4.jpg
2400,3,3.5,1,charectorss93_5.jpg
2030,3,2.0,1,charectorss93_6.jpg
2303,3,2.5,1,charectorss93_7.jpg
1843,4,2.0,1,charectorss93_8.jpg
1879,3,2.0,1,charectorss93_9.jpg
928,2,2.0,1,charectorss93_10.jpg
988,2,2.0,1,charectorss93_11.jpg
1800,3,2.0,1,charectorss93_12.jpg
2373,4,2.5,1,charectorss93_13.jpg
1698,3,2.5,1,charectorss93_14.jpg
1260,2,2.0,1,charectorss93_15.jpg
1611,3,2.0,1,charectorss93_16.jpg
2235,3,2.5,1,charectorss93_17.jpg
926,2,2.0,1,charectorss93_18.jpg
1650,3,2.5,1,charectorss93_19.jpg
2686,4,2.5,1,charectorss93_20.jpg
2454,3,2.5,1,charectorss93_21.jpg
1232,2,2.0,1,charectorss93_22.jpg
768,1,1.0,1,charectorss93_23.jpg
924,2,1.0,1,charectorss93_24.jpg
1064,2,2.0,1,charectorss93_25.jpg
2030,3,2.0,1,charectorss93_26.jpg
1232,2,2.0,1,charectorss93_27.jpg
1416,3,2.0,1,charectorss93_28.jpg
1258,3,2.0,1,charectorss93_29.jpg
1880,4,2.5,1,charectorss93_30.jpg
890,2,1.0,1,charectorss94_1.jpg
2085,3,2.5,1,charectorss94_2.jpg
2588,3,2.5,1,charectorss94_3.jpg
2352,4,3.0,1,charectorss94_4.jpg
981,2,2.0,1,charectorss94_5.jpg
2000,3,2.5,1,charectorss94_6.jpg
1611,3,2.0,1,charectorss94_7.jpg
2290,3,2.5,1,charectorss94_8.jpg
1398,3,2.0,1,charectorss94_9.jpg
3086,4,3.5,1,charectorss94_10.jpg
1521,3,2.0,1,charectorss94_11.jpg
1035,3,2.0,1,charectorss94_12.jpg
1311,3,2.0,1,charectorss94_13.jpg
2526,3,2.5,2,charectorss94_14.jpg
3507,4,3.0,1,charectorss94_15.jpg
1800,3,2.0,1,charectorss94_16.jpg
1200,2,2.0,1,charectorss94_17.jpg
4298,4,4.5,2,charectorss94_18.jpg
1773,4,3.5,2,charectorss94_19.jpg
1005,2,1.5,2,charectorss94_20.jpg
1311,3,2.0,1,charectorss94_21.jpg
2063,4,2.5,1,charectorss94_22.jpg
1257,2,2.0,1,charectorss94_23.jpg
1738,3,2.5,2,charectorss94_24.jpg
2395,3,2.5,1,charectorss94_25.jpg
2789,4,3.5,1,charectorss94_26.jpg
2832,4,3.0,1,charectorss94_27.jpg
2010,4,3.0,2,charectorss94_28.jpg
2705,5,3.5,1,charectorss94_29.jpg
2781,3,2.5,1,charectorss94_30.jpg
2015,3,2.5,1,charectorss95_1.jpg
3599,4,4.5,1,charectorss95_2.jpg
3838,4,3.5,1,charectorss95_3.jpg
3366,4,3.5,1,charectorss95_4.jpg
1263,3,2.0,1,charectorss95_5.jpg
6079,5,6.0,2,charectorss95_6.jpg
4030,4,4.5,1,charectorss95_7.jpg
2034,3,2.0,1,charectorss95_8.jpg
3718,4,5.0,1,charectorss95_9.jpg
1276,3,2.0,1,charectorss95_10.jpg
1980,2,2.0,1,charectorss95_11.jpg
1868,3,2.5,1,charectorss95_12.jpg
1791,3,2.0,1,charectorss95_13.jpg
398,1,1.0,1,charectorss95_14.jpg
3790,4,4.5,1,charectorss95_15.jpg
1920,4,2.0,1,charectorss95_16.jpg
7174,8,6.5,2,charectorss95_17.jpg
2093,4,2.5,1,charectorss95_18.jpg
1879,3,2.0,2,charectorss95_19.jpg
2431,3,3.0,1,charectorss95_20.jpg
2780,3,3.0,1,charectorss95_21.jpg
2150,4,3.0,1,charectorss95_22.jpg
504,0,1.0,1,charectorss95_23.jpg
346,0,1.0,1,charectorss95_24.jpg
1161,2,2.0,1,charectorss95_25.jpg
1299,4,2.0,1,charectorss95_26.jpg
910,2,2.0,1,charectorss95_27.jpg
1650,4,2.0,1,charectorss95_28.jpg
1984,4,3.0,1,charectorss95_29.jpg
2367,4,3.0,1,charectorss95_30.jpg
2257,4,2.5,2,charectorss96_1.jpg
2085,3,2.5,1,charectorss96_2.jpg
2743,4,4.5,2,charectorss96_3.jpg
2588,3,2.5,1,charectorss96_4.jpg
2510,3,2.5,1,charectorss96_5.jpg
960,2,1.0,1,charectorss96_6.jpg
1285,2,2.0,1,charectorss96_7.jpg
2352,4,3.0,1,charectorss96_8.jpg
2039,3,2.0,1,charectorss96_9.jpg
2303,3,2.5,1,charectorss96_10.jpg
612,1,1.0,1,charectorss96_11.jpg
2400,4,3.5,1,charectorss96_12.jpg
2390,4,3.0,1,charectorss96_13.jpg
1448,2,2.0,1,charectorss96_14.jpg
2428,3,2.5,1,charectorss96_15.jpg
2235,4,3.0,2,charectorss96_16.jpg
1611,3,2.0,1,charectorss96_17.jpg
3952,4,4.0,2,charectorss96_18.jpg
1650,3,2.5,1,charectorss96_19.jpg
1599,3,2.5,1,charectorss96_20.jpg
1493,3,2.0,1,charectorss96_21.jpg
2686,4,2.5,1,charectorss96_22.jpg
2496,6,4.0,1,charectorss96_23.jpg
2084,3,2.5,2,charectorss96_24.jpg
1064,2,2.0,1,charectorss96_25.jpg
3152,5,3.5,1,charectorss96_26.jpg
1459,3,2.0,1,charectorss96_27.jpg
1956,3,2.5,1,charectorss96_28.jpg
525,1,1.0,2,charectorss96_29.jpg
1416,3,2.0,1,charectorss96_30.jpg
3574,4,4.5,2,charectorss98_1.jpg
4826,5,6.0,2,charectorss98_2.jpg
4898,5,5.5,3,charectorss98_3.jpg
2772,4,3.5,2,charectorss98_4.jpg
11000,5,5.0,3,charectorss98_5.jpg
2518,4,3.0,2,charectorss98_6.jpg
1677,3,2.0,1,charectorss98_7.jpg
2056,4,2.5,3,charectorss98_8.jpg
3131,4,3.5,2,charectorss98_9.jpg
1953,3,2.5,2,charectorss98_10.jpg
1936,3,2.5,2,charectorss98_11.jpg
1516,3,2.0,1,charectorss98_12.jpg
4038,4,3.5,2,charectorss98_13.jpg
2265,4,3.5,2,charectorss98_14.jpg
1159,3,1.0,1,charectorss98_15.jpg
2071,3,2.5,2,charectorss98_16.jpg
2632,4,2.5,2,charectorss98_17.jpg
1924,3,2.5,2,charectorss98_18.jpg
2340,3,2.5,2,charectorss98_19.jpg
2448,4,2.5,2,charectorss98_20.jpg
1737,4,3.0,2,charectorss98_21.jpg
2898,4,3.0,2,charectorss98_22.jpg
1991,3,2.5,1,charectorss98_23.jpg
1197,3,2.5,2,charectorss98_24.jpg
840,1,1.0,1,charectorss98_25.jpg
1653,3,1.5,2,charectorss98_26.jpg
1558,3,2.5,2,charectorss98_27.jpg
3435,4,4.5,2,charectorss98_28.jpg
2406,3,3.0,2,charectorss98_29.jpg
2224,4,3.0,2,charectorss98_30.jpg
